Season,Competition,Matchday,Date,Venue,Club,Opponent,Result,Playing_Position,Minute,At_score,Type,Goal_assist,Goals
04-May,LaLiga,34,05-01-2005,H,FC Barcelona,Albacete Balompie,Win,CF,90+1,02:00:00,Left-footed shot,Ronaldinho Gaacho,1
05-Jun,UEFA Champions League,Group Stage,11-02-2005,H,FC Barcelona,Panathinaikos Athens,Win,RW,34,03:00:00,Left-footed shot,NA,2
05-Jun,LaLiga,13,11/27/05,H,FC Barcelona,Racing Santander,Win,RW,51,02:00:00,Left-footed shot,Samuel Etoo,3
05-Jun,LaLiga,19,1/15/06,H,FC Barcelona,Athletic Bilbao,Win,RW,50,02:01:00,Left-footed shot,Mark van Bommel,4
05-Jun,LaLiga,20,1/22/06,H,FC Barcelona,Deportivo Alaves,Win,CF,82,02:00:00,Left-footed shot,Ronaldinho Gaacho,5
05-Jun,LaLiga,21,1/29/06,A,FC Barcelona,RCD Mallorca,Loss,CF,75,00:02:00,Right-footed shot,Sylvinho,6
05-Jun,LaLiga,21,1/29/06,A,FC Barcelona,RCD Mallorca,Loss,CF,83,00:03:00,Left-footed shot,Ronaldinho Gaacho,7
05-Jun,Copa del Rey,Quarter-Finals,02-01-2006,H,FC Barcelona,Real Zaragoza,Win,CF,42,01:00:00,Header,Ludovic Giuly,8
05-Jun,LaLiga,24,2/18/06,H,FC Barcelona,Real Betis Balompie,Win,RW,84,05:01:00,Left-footed shot,NA,9
06-Jul,LaLiga,1,8/28/06,A,FC Barcelona,Celta de Vigo,Loss,LW,59,01:02:00,Left-footed shot,Andres Iniesta,10
06-Jul,LaLiga,2,09-09-2006,H,FC Barcelona,CA Osasuna,Win,RW,36,03:00:00,Left-footed shot,Samuel Etoo,11
06-Jul,UEFA Champions League,Group Stage,9/27/06,A,FC Barcelona,SV Werder Bremen,Loss,RW,89,01:01:00,Left-footed shot,Deco,12
06-Jul,LaLiga,6,10/15/06,H,FC Barcelona,Sevilla FC,Win,RW,80,03:01:00,Right-footed shot,Xavi,13
06-Jul,LaLiga,26,03-10-2007,H,FC Barcelona,Real Madrid,Win,RW,11,01:01:00,Left-footed shot,Samuel Etoo,14
06-Jul,LaLiga,26,03-10-2007,H,FC Barcelona,Real Madrid,Win,RW,28,02:02:00,Left-footed shot,NA,15
06-Jul,LaLiga,26,03-10-2007,H,FC Barcelona,Real Madrid,Win,RW,90+1,03:03:00,Left-footed shot,Ronaldinho Gaacho,16
06-Jul,LaLiga,27,3/17/07,A,FC Barcelona,Recreativo Huelva,Loss,RW,86,00:04:00,Left-footed shot,NA,17
06-Jul,LaLiga,28,3/31/07,H,FC Barcelona,Deportivo de La Coruaa,Win,RW,45,01:00:00,Left-footed shot,Ronaldinho Gaacho,18
06-Jul,Copa del Rey,Semi-Finals,4/18/07,H,FC Barcelona,Getafe CF,Win,RW,29,02:00:00,Solo run,Xavi,19
06-Jul,Copa del Rey,Semi-Finals,4/18/07,H,FC Barcelona,Getafe CF,Win,RW,45,03:00:00,Left-footed shot,Deco,20
06-Jul,LaLiga,35,5/20/07,A,FC Barcelona,Atletico de Madrid,Loss,RW,39,00:01:00,Left-footed shot,Samuel Etoo,21
06-Jul,LaLiga,35,5/20/07,A,FC Barcelona,Atletico de Madrid,Loss,RW,80,00:05:00,Left-footed shot,Giovanni van Bronckhorst,22
06-Jul,LaLiga,37,06-09-2007,H,FC Barcelona,RCD Espanyol Barcelona,Win,RW,43,01:01:00,NA,Gianluca Zambrotta,23
06-Jul,LaLiga,37,06-09-2007,H,FC Barcelona,RCD Espanyol Barcelona,Win,RW,57,02:01:00,Right-footed shot,Deco,24
06-Jul,LaLiga,38,6/17/07,A,FC Barcelona,Gimnastic de Tarragona,Loss,RW,34,00:02:00,Left-footed shot,Deco,25
06-Jul,LaLiga,38,6/17/07,A,FC Barcelona,Gimnastic de Tarragona,Loss,RW,51,00:04:00,Left-footed shot,Deco,26
07-Aug,UEFA Champions League,Group Stage,9/19/07,H,FC Barcelona,Olympique Lyon,Win,RW,82,02:00:00,Left-footed shot,Andres Iniesta,27
07-Aug,LaLiga,4,9/22/07,H,FC Barcelona,Sevilla FC,Win,RW,72,01:00:00,Left-footed shot,Thierry Henry,28
07-Aug,LaLiga,4,9/22/07,H,FC Barcelona,Sevilla FC,Win,RW,79,02:00:00,Penalty,NA,29
07-Aug,LaLiga,5,9/26/07,H,FC Barcelona,Real Zaragoza,Win,RW,5,01:00:00,Left-footed shot,Thierry Henry,30
07-Aug,LaLiga,5,9/26/07,H,FC Barcelona,Real Zaragoza,Win,RW,10,02:01:00,Left-footed shot,Deco,31
07-Aug,LaLiga,6,9/29/07,A,FC Barcelona,Levante UD,Loss,RW,50,00:04:00,Left-footed shot,Deco,32
07-Aug,UEFA Champions League,Group Stage,10-02-2007,A,FC Barcelona,VfB Stuttgart,Loss,RW,66,00:02:00,Deflected shot on goal,Thierry Henry,33
07-Aug,LaLiga,7,10-07-2007,H,FC Barcelona,Atletico de Madrid,Win,RW,19,02:00:00,Left-footed shot,Ronaldinho Gaacho,34
07-Aug,LaLiga,9,10/28/07,H,FC Barcelona,UD Almera,Win,RW,80,02:00:00,Penalty,NA,35
07-Aug,UEFA Champions League,Group Stage,11-07-2007,H,FC Barcelona,Rangers FC,Win,RW,41,02:00:00,Left-footed shot,Ronaldinho Gaacho,36
07-Aug,LaLiga,13,11/24/07,H,FC Barcelona,Recreativo Huelva,Win,RW,81,03:00:00,Penalty,NA,37
07-Aug,UEFA Champions League,Group Stage,11/27/07,A,FC Barcelona,Olympique Lyon,Loss,RW,58,01:02:00,Penalty,NA,38
07-Aug,UEFA Champions League,last 16,2/20/08,A,FC Barcelona,Celtic FC,Loss,RW,18,01:01:00,Left-footed shot,Deco,39
07-Aug,UEFA Champions League,last 16,2/20/08,A,FC Barcelona,Celtic FC,Loss,RW,79,02:03:00,Left-footed shot,NA,40
07-Aug,LaLiga,25,2/24/08,H,FC Barcelona,Levante UD,Win,RW,44,02:01:00,Left-footed shot,Xavi,41
07-Aug,LaLiga,35,05-04-2008,H,FC Barcelona,Valencia CF,Win,RW,5,01:00:00,Penalty,NA,42
08-Sep,LaLiga,2,9/13/08,H,FC Barcelona,Racing Santander,Win,RW,70,01:00:00,Penalty,NA,43
08-Sep,LaLiga,3,9/21/08,A,FC Barcelona,Sporting GijÃ³n,Loss,RW,85,01:05:00,Left-footed shot,Andres Iniesta,44
08-Sep,LaLiga,3,9/21/08,A,FC Barcelona,Sporting GijÃ³n,Loss,RW,89,01:06:00,Header,Xavi,45
08-Sep,LaLiga,5,9/27/08,A,FC Barcelona,RCD Espanyol Barcelona,Loss,RW,90,01:02:00,Penalty,NA,46
08-Sep,UEFA Champions League,Group Stage,10-01-2008,A,FC Barcelona,Shakhtar Donetsk,Loss,RW,87,01:01:00,Right-footed shot,Bojan Krkic,47
08-Sep,UEFA Champions League,Group Stage,10-01-2008,A,FC Barcelona,Shakhtar Donetsk,Loss,RW,90+2,01:02:00,Left-footed shot,Xavi,48
08-Sep,LaLiga,6,10-04-2008,H,FC Barcelona,Atletico de Madrid,Win,RW,8,03:00:00,Direct free kick,NA,49
08-Sep,UEFA Champions League,Group Stage,10/22/08,A,FC Barcelona,FC Basel 1893,Loss,CF,4,00:01:00,Left-footed shot,Dani Alves,50
08-Sep,LaLiga,9,11-01-2008,A,FC Barcelona,Malaga CF,Loss,RW,19,01:02:00,Left-footed shot,NA,51
08-Sep,UEFA Champions League,Group Stage,11-04-2008,H,FC Barcelona,FC Basel 1893,Win,RW,61,01:00:00,Left-footed shot,Thierry Henry,52
08-Sep,Copa del Rey,Fifth Round,11-12-2008,H,FC Barcelona,Benidorm CD,Win,RW,86,01:00:00,Penalty rebound,NA,53
08-Sep,LaLiga,11,11/16/08,A,FC Barcelona,Recreativo Huelva,Loss,RW,51,00:01:00,Left-footed shot,Xavi,54
08-Sep,UEFA Champions League,Group Stage,11/26/08,A,FC Barcelona,Sporting CP,Loss,RW,49,00:03:00,Left-footed shot,Dani Alves,55
08-Sep,LaLiga,13,11/29/08,A,FC Barcelona,Sevilla FC,Loss,RW,78,00:02:00,Left-footed shot,Xavi,56
08-Sep,LaLiga,13,11/29/08,A,FC Barcelona,Sevilla FC,Loss,RW,90+2,00:03:00,Left-footed shot,Aleksandr Hleb,57
08-Sep,LaLiga,15,12/13/08,H,FC Barcelona,Real Madrid,Win,RW,89,02:00:00,Counter attack goal,Thierry Henry,58
08-Sep,Copa del Rey,Round of 16,01-06-2009,A,FC Barcelona,Atletico de Madrid,Loss,RW,11,00:01:00,Left-footed shot,Dani Alves,59
08-Sep,Copa del Rey,Round of 16,01-06-2009,A,FC Barcelona,Atletico de Madrid,Loss,RW,57,00:02:00,Penalty,NA,60
08-Sep,Copa del Rey,Round of 16,01-06-2009,A,FC Barcelona,Atletico de Madrid,Loss,RW,79,01:03:00,Right-footed shot,Andres Iniesta,61
08-Sep,LaLiga,18,01-11-2009,A,FC Barcelona,CA Osasuna,Loss,RW,84,02:03:00,Left-footed shot,Dani Alves,62
08-Sep,LaLiga,19,1/17/09,H,FC Barcelona,Deportivo de La Coruaa,Win,RW,21,01:00:00,Left-footed shot,NA,63
08-Sep,LaLiga,20,1/24/09,H,FC Barcelona,CD Numancia,Win,RW,49,01:00:00,Left-footed shot,Dani Alves,64
08-Sep,LaLiga,20,1/24/09,H,FC Barcelona,CD Numancia,Win,RW,76,04:01:00,Right-footed shot,NA,65
08-Sep,LaLiga,21,02-01-2009,A,FC Barcelona,Racing Santander,Loss,RW,65,01:01:00,Right-footed shot,Xavi,66
08-Sep,LaLiga,21,02-01-2009,A,FC Barcelona,Racing Santander,Loss,RW,81,01:02:00,Right-footed shot,NA,67
08-Sep,LaLiga,25,03-01-2009,A,FC Barcelona,Atletico de Madrid,Loss,RW,30,00:02:00,Left-footed shot,NA,68
08-Sep,Copa del Rey,Semi-Finals,03-04-2009,A,FC Barcelona,RCD Mallorca,Loss,RW,81,01:01:00,Left-footed shot,Gerard Pique,69
08-Sep,LaLiga,26,03-07-2009,H,FC Barcelona,Athletic Bilbao,Win,RW,31,02:00:00,Penalty,NA,70
08-Sep,UEFA Champions League,last 16,03-11-2009,H,FC Barcelona,Olympique Lyon,Win,RW,40,03:00:00,Left-footed shot,Samuel Etoo,71
08-Sep,LaLiga,28,3/22/09,H,FC Barcelona,Malaga CF,Win,RW,26,02:00:00,Right-footed shot,Xavi,72
08-Sep,UEFA Champions League,Quarter-Finals,04-08-2009,H,FC Barcelona,Bayern Munich,Win,RW,9,01:00:00,Left-footed shot,Samuel Etoo,73
08-Sep,UEFA Champions League,Quarter-Finals,04-08-2009,H,FC Barcelona,Bayern Munich,Win,RW,38,03:00:00,Right-footed shot,Thierry Henry,74
08-Sep,LaLiga,31,4/18/09,A,FC Barcelona,Getafe CF,Loss,RW,18,00:01:00,Left-footed shot,Xavi,75
08-Sep,LaLiga,33,4/25/09,A,FC Barcelona,Valencia CF,Loss,RW,23,00:01:00,Left-footed shot,Andres Iniesta,76
08-Sep,LaLiga,34,05-02-2009,A,FC Barcelona,Real Madrid,Loss,CF,35,01:03:00,Left-footed shot,Xavi,77
08-Sep,LaLiga,34,05-02-2009,A,FC Barcelona,Real Madrid,Loss,CF,75,02:05:00,Left-footed shot,Xavi,78
08-Sep,Copa del Rey,Final,5/13/09,H,FC Barcelona,Athletic Bilbao,Win,RW,55,02:01:00,Left-footed shot,Samuel Etoo,79
08-Sep,UEFA Champions League,Final,5/27/09,H,FC Barcelona,Manchester United,Win,CF,70,02:00:00,Header,Xavi,80
09-Oct,Supercopa,final,8/23/09,H,FC Barcelona,Athletic Bilbao,Win,RW,50,01:00:00,Right-footed shot,Zlatan Ibrahimovic,81
09-Oct,Supercopa,final,8/23/09,H,FC Barcelona,Athletic Bilbao,Win,RW,68,02:00:00,Penalty,NA,82
09-Oct,LaLiga,2,09-12-2009,A,FC Barcelona,Getafe CF,Loss,RW,78,00:02:00,Header,Zlatan Ibrahimovic,83
09-Oct,LaLiga,3,9/19/09,H,FC Barcelona,Atletico de Madrid,Win,RW,15,02:00:00,Left-footed shot,Xavi,84
09-Oct,LaLiga,3,9/19/09,H,FC Barcelona,Atletico de Madrid,Win,RW,90+3,05:02:00,Right-footed shot,Dani Alves,85
09-Oct,LaLiga,4,9/22/09,A,FC Barcelona,Racing Santander,Loss,RW,23,00:02:00,Left-footed shot,Xavi,86
09-Oct,LaLiga,4,9/22/09,A,FC Barcelona,Racing Santander,Loss,RW,63,00:04:00,Left-footed shot,Xavi,87
09-Oct,UEFA Champions League,Group Stage,9/29/09,H,FC Barcelona,Dynamo Kyiv,Win,RW,25,01:00:00,Left-footed shot,Andres Iniesta,88
09-Oct,LaLiga,8,10/25/09,H,FC Barcelona,Real Zaragoza,Win,RW,80,05:01:00,Left-footed shot,Andres Iniesta,89
09-Oct,LaLiga,10,11-07-2009,H,FC Barcelona,RCD Mallorca,Win,RW,86,04:01:00,Penalty,NA,90
09-Oct,Copa del Rey,5th round,11-10-2009,H,FC Barcelona,Cultural Leonesa,Win,RW,64,04:00:00,Left-footed shot,Pedro,91
09-Oct,LaLiga,13,12-05-2009,A,FC Barcelona,Deportivo de La Coruaa,Loss,RW,26,00:01:00,Left-footed shot,Dani Alves,92
09-Oct,LaLiga,13,12-05-2009,A,FC Barcelona,Deportivo de La Coruaa,Loss,RW,80,01:02:00,Header,Pedro,93
09-Oct,UEFA Champions League,Group Stage,12-09-2009,A,FC Barcelona,Dynamo Kyiv,Loss,RW,86,01:02:00,Direct free kick,NA,94
09-Oct,FIFA Club World Cup,Semi-Finals,12/16/09,A,FC Barcelona,CF Atlante,Loss,RW,55,01:02:00,Left-footed shot,Zlatan Ibrahimovic,95
09-Oct,FIFA Club World Cup,Final,12/19/09,A,FC Barcelona,Club Estudiantes de La Plata,Loss,RW,110,01:02:00,Chest,Dani Alves,96
09-Oct,LaLiga,17,01-10-2010,A,FC Barcelona,CD Tenerife,Loss,RW,36,00:01:00,Left-footed shot,Bojan Krkic,97
09-Oct,LaLiga,17,01-10-2010,A,FC Barcelona,CD Tenerife,Loss,RW,45,00:03:00,Right-footed shot,Bojan Krkic,98
09-Oct,LaLiga,17,01-10-2010,A,FC Barcelona,CD Tenerife,Loss,RW,75,00:04:00,Left-footed shot,Bojan Krkic,99
09-Oct,LaLiga,18,1/16/10,H,FC Barcelona,Sevilla FC,Win,RW,85,03:00:00,Left-footed shot,Dani Alves,100
09-Oct,LaLiga,18,1/16/10,H,FC Barcelona,Sevilla FC,Win,RW,90+1,04:00:00,Left-footed shot,Ã‰ric Abidal,101
09-Oct,LaLiga,19,1/23/10,A,FC Barcelona,Real Valladolid CF,Loss,RW,54,00:03:00,Left-footed shot,Zlatan Ibrahimovic,102
09-Oct,LaLiga,21,02-06-2010,H,FC Barcelona,Getafe CF,Win,RW,7,01:00:00,Left-footed shot,Yaya Toure,103
09-Oct,LaLiga,24,2/27/10,H,FC Barcelona,Malaga CF,Win,RW,84,02:01:00,Right-footed shot,Dani Alves,104
09-Oct,LaLiga,25,03-06-2010,A,FC Barcelona,UD Almera,Loss,RW,42,01:01:00,Direct free kick,NA,105
09-Oct,LaLiga,25,03-06-2010,A,FC Barcelona,UD Almera,Loss,RW,66,02:02:00,Left-footed shot,NA,106
09-Oct,LaLiga,26,3/14/10,H,FC Barcelona,Valencia CF,Win,CF,56,01:00:00,Left-footed shot,Xavi,107
09-Oct,LaLiga,26,3/14/10,H,FC Barcelona,Valencia CF,Win,CF,80,02:00:00,Left-footed shot,Thierry Henry,108
09-Oct,LaLiga,26,3/14/10,H,FC Barcelona,Valencia CF,Win,CF,82,03:00:00,Right-footed shot,Thierry Henry,109
09-Oct,UEFA Champions League,last 16,3/17/10,H,FC Barcelona,VfB Stuttgart,Win,CF,13,01:00:00,Left-footed shot,Yaya Toure,110
09-Oct,UEFA Champions League,last 16,3/17/10,H,FC Barcelona,VfB Stuttgart,Win,CF,56,03:00:00,Left-footed shot,Dani Alves,111
09-Oct,LaLiga,27,3/21/10,A,FC Barcelona,Real Zaragoza,Loss,RW,4,00:01:00,Header,Pedro,112
09-Oct,LaLiga,27,3/21/10,A,FC Barcelona,Real Zaragoza,Loss,RW,65,00:02:00,Left-footed shot,NA,113
09-Oct,LaLiga,27,3/21/10,A,FC Barcelona,Real Zaragoza,Loss,RW,78,00:03:00,Left-footed shot,Andres Iniesta,114
09-Oct,LaLiga,30,04-03-2010,H,FC Barcelona,Athletic Bilbao,Win,CF,67,04:00:00,Left-footed shot,Pedro,115
09-Oct,UEFA Champions League,Quarter-Finals,04-06-2010,H,FC Barcelona,Arsenal FC,Win,CF,21,01:01:00,Left-footed shot,NA,116
09-Oct,UEFA Champions League,Quarter-Finals,04-06-2010,H,FC Barcelona,Arsenal FC,Win,CF,37,02:01:00,Right-footed shot,Pedro,117
09-Oct,UEFA Champions League,Quarter-Finals,04-06-2010,H,FC Barcelona,Arsenal FC,Win,CF,42,03:01:00,Left-footed shot,Seydou Keita,118
09-Oct,UEFA Champions League,Quarter-Finals,04-06-2010,H,FC Barcelona,Arsenal FC,Win,CF,88,04:01:00,Left-footed shot,Xavi,119
09-Oct,LaLiga,31,04-10-2010,A,FC Barcelona,Real Madrid,Loss,CF,32,00:01:00,Right-footed shot,Xavi,120
09-Oct,LaLiga,35,05-01-2010,A,FC Barcelona,Villarreal CF,Loss,RW,18,00:01:00,Left-footed shot,Xavi,121
09-Oct,LaLiga,35,05-01-2010,A,FC Barcelona,Villarreal CF,Loss,RW,87,01:04:00,Left-footed shot,Dani Alves,122
09-Oct,LaLiga,36,05-04-2010,H,FC Barcelona,CD Tenerife,Win,RW,16,01:00:00,Right-footed shot,Zlatan Ibrahimovic,123
09-Oct,LaLiga,36,05-04-2010,H,FC Barcelona,CD Tenerife,Win,RW,90+3,04:01:00,Right-footed shot,Dani Alves,124
09-Oct,LaLiga,37,05-08-2010,A,FC Barcelona,Sevilla FC,Loss,RW,5,00:01:00,Left-footed shot,Maxwell,125
09-Oct,LaLiga,38,5/16/10,H,FC Barcelona,Real Valladolid CF,Win,RW,61,03:00:00,Right-footed shot,Yaya Toure,126
09-Oct,LaLiga,38,5/16/10,H,FC Barcelona,Real Valladolid CF,Win,RW,74,04:00:00,Left-footed shot,Yaya Toure,127
10-Nov,Supercopa,final,8/21/10,H,FC Barcelona,Sevilla FC,Win,RW,25,02:00:00,Left-footed shot,Xavi,128
10-Nov,Supercopa,final,8/21/10,H,FC Barcelona,Sevilla FC,Win,RW,43,03:00:00,Right-footed shot,Dani Alves,129
10-Nov,Supercopa,final,8/21/10,H,FC Barcelona,Sevilla FC,Win,RW,90+1,04:00:00,Left-footed shot,Andres Iniesta,130
10-Nov,LaLiga,1,8/29/10,A,FC Barcelona,Racing Santander,Loss,RW,3,00:01:00,Left-footed shot,Andres Iniesta,131
10-Nov,UEFA Champions League,Group Stage,9/14/10,H,FC Barcelona,Panathinaikos Athens,Win,CF,22,01:01:00,Left-footed shot,Xavi,132
10-Nov,UEFA Champions League,Group Stage,9/14/10,H,FC Barcelona,Panathinaikos Athens,Win,CF,45,03:01:00,Left-footed shot,Pedro,133
10-Nov,LaLiga,3,9/19/10,A,FC Barcelona,Atletico de Madrid,Loss,CF,12,00:01:00,Left-footed shot,Pedro,134
10-Nov,LaLiga,6,10-03-2010,H,FC Barcelona,RCD Mallorca,Win,CF,20,01:00:00,Left-footed shot,Pedro,135
10-Nov,UEFA Champions League,Group Stage,10/20/10,H,FC Barcelona,FC Copenhagen,Win,CF,18,01:00:00,Left-footed shot,Andres Iniesta,136
10-Nov,UEFA Champions League,Group Stage,10/20/10,H,FC Barcelona,FC Copenhagen,Win,CF,90+1,02:00:00,Left-footed shot,Ã‰ric Abidal,137
10-Nov,LaLiga,8,10/23/10,A,FC Barcelona,Real Zaragoza,Loss,CF,41,00:01:00,Left-footed shot,David Villa,138
10-Nov,LaLiga,8,10/23/10,A,FC Barcelona,Real Zaragoza,Loss,CF,65,00:02:00,Left-footed shot,NA,139
10-Nov,LaLiga,9,10/30/10,H,FC Barcelona,Sevilla FC,Win,RW,4,01:00:00,Left-footed shot,NA,140
10-Nov,LaLiga,9,10/30/10,H,FC Barcelona,Sevilla FC,Win,RW,63,04:00:00,Left-footed shot,NA,141
10-Nov,UEFA Champions League,Group Stage,11-02-2010,A,FC Barcelona,FC Copenhagen,Loss,CF,31,00:01:00,Right-footed shot,NA,142
10-Nov,LaLiga,10,11-07-2010,A,FC Barcelona,Getafe CF,Loss,CF,23,00:01:00,Left-footed shot,David Villa,143
10-Nov,Copa del Rey,4th round,11-10-2010,H,FC Barcelona,Club Atletico de Ceuta,Win,RW,67,05:01:00,Left-footed shot,Thiago,144
10-Nov,LaLiga,11,11/13/10,H,FC Barcelona,Villarreal CF,Win,CF,58,02:01:00,Right-footed shot,Pedro,145
10-Nov,LaLiga,11,11/13/10,H,FC Barcelona,Villarreal CF,Win,CF,83,03:01:00,Left-footed shot,Pedro,146
10-Nov,LaLiga,12,11/20/10,A,FC Barcelona,UD Almera,Loss,CF,16,00:01:00,Left-footed shot,David Villa,147
10-Nov,LaLiga,12,11/20/10,A,FC Barcelona,UD Almera,Loss,CF,36,00:05:00,Tap-in,NA,148
10-Nov,LaLiga,12,11/20/10,A,FC Barcelona,UD Almera,Loss,CF,67,00:07:00,Tap-in,David Villa,149
10-Nov,UEFA Champions League,Group Stage,11/24/10,A,FC Barcelona,Panathinaikos Athens,Loss,CF,63,00:02:00,Left-footed shot,Adriano,150
10-Nov,LaLiga,14,12-04-2010,A,FC Barcelona,CA Osasuna,Loss,CF,64,00:02:00,Left-footed shot,David Villa,151
10-Nov,LaLiga,14,12-04-2010,A,FC Barcelona,CA Osasuna,Loss,CF,82,00:03:00,Penalty,NA,152
10-Nov,LaLiga,15,12-12-2010,H,FC Barcelona,Real Sociedad,Win,CF,46,03:00:00,Left-footed shot,Dani Alves,153
10-Nov,LaLiga,15,12-12-2010,H,FC Barcelona,Real Sociedad,Win,CF,86,04:00:00,Left-footed shot,Bojan Krkic,154
10-Nov,LaLiga,18,01-08-2011,A,FC Barcelona,Deportivo de La Coruaa,Loss,CF,51,00:02:00,Direct free kick,NA,155
10-Nov,Copa del Rey,Quarter-Finals,01-12-2011,H,FC Barcelona,Real Betis Balompie,Win,CF,44,01:00:00,Left-footed shot,Andres Iniesta,156
10-Nov,Copa del Rey,Quarter-Finals,01-12-2011,H,FC Barcelona,Real Betis Balompie,Win,CF,63,02:00:00,Left-footed shot,NA,157
10-Nov,Copa del Rey,Quarter-Finals,01-12-2011,H,FC Barcelona,Real Betis Balompie,Win,CF,73,03:00:00,Left-footed shot,Xavi,158
10-Nov,Copa del Rey,Quarter-Finals,1/19/11,A,FC Barcelona,Real Betis Balompie,Loss,RW,37,02:01:00,Left-footed shot,Xavi,159
10-Nov,LaLiga,20,1/22/11,H,FC Barcelona,Racing Santander,Win,CF,33,02:00:00,Penalty,NA,160
10-Nov,Copa del Rey,Semi-Finals,1/26/11,H,FC Barcelona,UD Almera,Win,CF,9,01:00:00,Left-footed shot,Pedro,161
10-Nov,Copa del Rey,Semi-Finals,1/26/11,H,FC Barcelona,UD Almera,Win,CF,15,03:00:00,Left-footed shot,Andres Iniesta,162
10-Nov,LaLiga,21,1/29/11,A,FC Barcelona,Hercules CF,Loss,CF,87,00:02:00,Left-footed shot,Dani Alves,163
10-Nov,LaLiga,21,1/29/11,A,FC Barcelona,Hercules CF,Loss,CF,89,00:03:00,Left-footed shot,Dani Alves,164
10-Nov,LaLiga,22,02-05-2011,H,FC Barcelona,Atletico de Madrid,Win,CF,16,01:00:00,Left-footed shot,Dani Alves,165
10-Nov,LaLiga,22,02-05-2011,H,FC Barcelona,Atletico de Madrid,Win,CF,28,02:00:00,Left-footed shot,Pedro,166
10-Nov,LaLiga,22,02-05-2011,H,FC Barcelona,Atletico de Madrid,Win,CF,78,03:00:00,Left-footed shot,David Villa,167
10-Nov,LaLiga,24,2/20/11,H,FC Barcelona,Athletic Bilbao,Win,CF,78,02:01:00,Right-footed shot,Dani Alves,168
10-Nov,LaLiga,25,2/26/11,A,FC Barcelona,RCD Mallorca,Loss,CF,38,00:01:00,Header,Seydou Keita,169
10-Nov,LaLiga,26,03-02-2011,A,FC Barcelona,Valencia CF,Loss,CF,77,00:01:00,Left-footed shot,Adriano,170
10-Nov,UEFA Champions League,last 16,03-08-2011,H,FC Barcelona,Arsenal FC,Win,RW,49,01:00:00,Left-footed shot,Andres Iniesta,171
10-Nov,UEFA Champions League,last 16,03-08-2011,H,FC Barcelona,Arsenal FC,Win,RW,72,03:01:00,Penalty,NA,172
10-Nov,LaLiga,31,04-09-2011,H,FC Barcelona,UD Almera,Win,CF,52,01:01:00,Penalty,NA,173
10-Nov,LaLiga,31,04-09-2011,H,FC Barcelona,UD Almera,Win,CF,90+1,03:01:00,Left-footed shot,Seydou Keita,174
10-Nov,UEFA Champions League,Quarter-Finals,04-12-2011,A,FC Barcelona,Shakhtar Donetsk,Loss,CF,42,00:01:00,Left-footed shot,Dani Alves,175
10-Nov,LaLiga,32,4/16/11,A,FC Barcelona,Real Madrid,Loss,CF,53,00:01:00,Penalty,NA,176
10-Nov,LaLiga,33,4/23/11,H,FC Barcelona,CA Osasuna,Win,CF,87,02:00:00,Right-footed shot,Dani Alves,177
10-Nov,UEFA Champions League,Semi-Finals,4/27/11,A,FC Barcelona,Real Madrid,Loss,CF,76,00:01:00,Left-footed shot,Ibrahim Afellay,178
10-Nov,UEFA Champions League,Semi-Finals,4/27/11,A,FC Barcelona,Real Madrid,Loss,CF,87,00:02:00,Solo run,Sergio Busquets,179
10-Nov,UEFA Champions League,Final,5/28/11,H,FC Barcelona,Manchester United,Win,CF,54,02:01:00,Left-footed shot,Andres Iniesta,180
11-Dec,Supercopa,final,8/14/11,A,FC Barcelona,Real Madrid,Loss,CF,45,01:02:00,Left-footed shot,Thiago,181
11-Dec,Supercopa,final,8/17/11,H,FC Barcelona,Real Madrid,Win,CF,44,02:01:00,Right-footed shot,Gerard Pique,182
11-Dec,Supercopa,final,8/17/11,H,FC Barcelona,Real Madrid,Win,CF,88,03:02:00,Left-footed shot,Adriano,183
11-Dec,UEFA Super Cup,Final,8/26/11,H,FC Barcelona,FC Porto,Win,CF,39,01:00:00,Left-footed shot,NA,184
11-Dec,LaLiga,2,8/29/11,H,FC Barcelona,Villarreal CF,Win,CF,51,04:00:00,Right-footed shot,Andres Iniesta,185
11-Dec,LaLiga,2,8/29/11,H,FC Barcelona,Villarreal CF,Win,CF,74,05:00:00,Left-footed shot,Thiago,186
11-Dec,LaLiga,4,9/17/11,H,FC Barcelona,CA Osasuna,Win,CF,5,01:00:00,Left-footed shot,Dani Alves,187
11-Dec,LaLiga,4,9/17/11,H,FC Barcelona,CA Osasuna,Win,CF,41,05:00:00,Left-footed shot,Cesc Fabregas,188
11-Dec,LaLiga,4,9/17/11,H,FC Barcelona,CA Osasuna,Win,CF,79,08:00:00,Left-footed shot,Cesc Fabregas,189
11-Dec,LaLiga,6,9/24/11,H,FC Barcelona,Atletico de Madrid,Win,CF,26,03:00:00,Left-footed shot,Pedro,190
11-Dec,LaLiga,6,9/24/11,H,FC Barcelona,Atletico de Madrid,Win,CF,78,04:00:00,Left-footed shot,Dani Alves,191
11-Dec,LaLiga,6,9/24/11,H,FC Barcelona,Atletico de Madrid,Win,CF,90+1,05:00:00,Left-footed shot,David Villa,192
11-Dec,UEFA Champions League,Group Stage,9/28/11,A,FC Barcelona,BATE Borisov,Loss,CF,38,00:03:00,Header,NA,193
11-Dec,UEFA Champions League,Group Stage,9/28/11,A,FC Barcelona,BATE Borisov,Loss,CF,56,00:04:00,Left-footed shot,Dani Alves,194
11-Dec,LaLiga,8,10/15/11,H,FC Barcelona,Racing Santander,Win,CF,11,01:00:00,Right-footed shot,Andres Iniesta,195
11-Dec,LaLiga,8,10/15/11,H,FC Barcelona,Racing Santander,Win,CF,69,03:00:00,Right-footed shot,NA,196
11-Dec,LaLiga,11,10/29/11,H,FC Barcelona,RCD Mallorca,Win,CF,13,01:00:00,Penalty,NA,197
11-Dec,LaLiga,11,10/29/11,H,FC Barcelona,RCD Mallorca,Win,CF,21,02:00:00,Right-footed shot,Adriano,198
11-Dec,LaLiga,11,10/29/11,H,FC Barcelona,RCD Mallorca,Win,CF,30,03:00:00,Left-footed shot,Dani Alves,199
11-Dec,UEFA Champions League,Group Stage,11-01-2011,A,FC Barcelona,FC Viktoria Plzen,Loss,CF,24,00:01:00,Penalty,NA,200
11-Dec,UEFA Champions League,Group Stage,11-01-2011,A,FC Barcelona,FC Viktoria Plzen,Loss,CF,45+2,00:02:00,Left-footed shot,Adriano,201
11-Dec,UEFA Champions League,Group Stage,11-01-2011,A,FC Barcelona,FC Viktoria Plzen,Loss,CF,90+2,00:04:00,Left-footed shot,Gerard Pique,202
11-Dec,LaLiga,12,11-06-2011,A,FC Barcelona,Athletic Bilbao,Loss,CF,90,02:02:00,Left-footed shot,NA,203
11-Dec,LaLiga,13,11/19/11,H,FC Barcelona,Real Zaragoza,Win,CF,43,02:00:00,Right-footed shot,Cesc Fabregas,204
11-Dec,UEFA Champions League,Group Stage,11/23/11,A,FC Barcelona,AC Milan,Loss,SS,31,01:02:00,Penalty,NA,205
11-Dec,LaLiga,17,11/29/11,H,FC Barcelona,Rayo Vallecano,Win,CF,49,04:00:00,Left-footed shot,Dani Alves,206
11-Dec,LaLiga,15,12-03-2011,H,FC Barcelona,Levante UD,Win,CF,55,04:00:00,Left-footed shot,Dani Alves,207
11-Dec,FIFA Club World Cup,Final,12/18/11,A,FC Barcelona,Santos FC,Loss,RW,17,00:01:00,Left-footed shot,Xavi,208
11-Dec,FIFA Club World Cup,Final,12/18/11,A,FC Barcelona,Santos FC,Loss,RW,82,00:04:00,Left-footed shot,Dani Alves,209
11-Dec,Copa del Rey,last 16,01-04-2012,H,FC Barcelona,CA Osasuna,Win,CF,71,03:00:00,Header,Cesc Fabregas,210
11-Dec,Copa del Rey,last 16,01-04-2012,H,FC Barcelona,CA Osasuna,Win,CF,90,04:00:00,Left-footed shot,Xavi,211
11-Dec,LaLiga,19,1/15/12,H,FC Barcelona,Real Betis Balompie,Win,CF,12,02:00:00,Right-footed shot,Alexis Sanchez,212
11-Dec,LaLiga,19,1/15/12,H,FC Barcelona,Real Betis Balompie,Win,CF,86,04:02:00,Penalty,NA,213
11-Dec,LaLiga,1,1/22/12,A,FC Barcelona,Malaga CF,Loss,CF,32,00:01:00,Header,Adriano,214
11-Dec,LaLiga,1,1/22/12,A,FC Barcelona,Malaga CF,Loss,CF,51,00:03:00,Left-footed shot,Thiago,215
11-Dec,LaLiga,1,1/22/12,A,FC Barcelona,Malaga CF,Loss,CF,77,00:04:00,Left-footed shot,Pedro,216
11-Dec,LaLiga,22,02-04-2012,H,FC Barcelona,Real Sociedad,Win,CF,72,02:00:00,Left-footed shot,Dani Alves,217
11-Dec,UEFA Champions League,last 16,2/14/12,A,FC Barcelona,Bayer 04 Leverkusen,Loss,CF,88,01:03:00,Left-footed shot,Dani Alves,218
11-Dec,LaLiga,24,2/19/12,H,FC Barcelona,Valencia CF,Win,CF,21,01:01:00,Left-footed shot,NA,219
11-Dec,LaLiga,24,2/19/12,H,FC Barcelona,Valencia CF,Win,CF,27,02:01:00,Tap-in,NA,220
11-Dec,LaLiga,24,2/19/12,H,FC Barcelona,Valencia CF,Win,CF,75,03:01:00,Left-footed shot,Cristian Tello,221
11-Dec,LaLiga,24,2/19/12,H,FC Barcelona,Valencia CF,Win,CF,84,04:01:00,Left-footed shot,Sergio Busquets,222
11-Dec,LaLiga,25,2/26/12,A,FC Barcelona,Atletico de Madrid,Loss,CF,79,01:02:00,Direct free kick,NA,223
11-Dec,UEFA Champions League,last 16,03-07-2012,H,FC Barcelona,Bayer 04 Leverkusen,Win,CF,25,01:00:00,Left-footed shot,Xavi,224
11-Dec,UEFA Champions League,last 16,03-07-2012,H,FC Barcelona,Bayer 04 Leverkusen,Win,CF,42,02:00:00,Left-footed shot,Andres Iniesta,225
11-Dec,UEFA Champions League,last 16,03-07-2012,H,FC Barcelona,Bayer 04 Leverkusen,Win,CF,50,03:00:00,Right-footed shot,Cesc Fabregas,226
11-Dec,UEFA Champions League,last 16,03-07-2012,H,FC Barcelona,Bayer 04 Leverkusen,Win,CF,58,05:00:00,Left-footed shot,NA,227
11-Dec,UEFA Champions League,last 16,03-07-2012,H,FC Barcelona,Bayer 04 Leverkusen,Win,CF,85,07:00:00,Left-footed shot,Seydou Keita,228
11-Dec,LaLiga,27,03-11-2012,A,FC Barcelona,Racing Santander,Loss,CF,28,00:01:00,Left-footed shot,Cesc Fabregas,229
11-Dec,LaLiga,27,03-11-2012,A,FC Barcelona,Racing Santander,Loss,CF,55,00:02:00,Penalty,NA,230
11-Dec,LaLiga,28,3/17/12,A,FC Barcelona,Sevilla FC,Loss,CF,25,00:02:00,Left-footed shot,Andres Iniesta,231
11-Dec,LaLiga,29,3/20/12,H,FC Barcelona,Granada CF,Win,CF,16,02:00:00,Left-footed shot,Isaac Cuenca,232
11-Dec,LaLiga,29,3/20/12,H,FC Barcelona,Granada CF,Win,CF,66,03:02:00,Left-footed shot,Dani Alves,233
11-Dec,LaLiga,29,3/20/12,H,FC Barcelona,Granada CF,Win,CF,85,05:02:00,Left-footed shot,Dani Alves,234
11-Dec,LaLiga,30,3/24/12,A,FC Barcelona,RCD Mallorca,Loss,CF,25,00:01:00,Direct free kick,NA,235
11-Dec,LaLiga,31,3/31/12,H,FC Barcelona,Athletic Bilbao,Win,CF,57,02:00:00,Penalty,NA,236
11-Dec,UEFA Champions League,Quarter-Finals,04-03-2012,H,FC Barcelona,AC Milan,Win,RW,11,01:00:00,Penalty,NA,237
11-Dec,UEFA Champions League,Quarter-Finals,04-03-2012,H,FC Barcelona,AC Milan,Win,RW,42,02:01:00,Penalty,NA,238
11-Dec,LaLiga,32,04-07-2012,A,FC Barcelona,Real Zaragoza,Loss,CF,39,01:02:00,Left-footed shot,Alexis Sanchez,239
11-Dec,LaLiga,32,04-07-2012,A,FC Barcelona,Real Zaragoza,Loss,CF,86,01:03:00,Penalty,NA,240
11-Dec,LaLiga,33,04-10-2012,H,FC Barcelona,Getafe CF,Win,CF,44,02:00:00,Left-footed shot,Andres Iniesta,241
11-Dec,LaLiga,34,4/14/12,A,FC Barcelona,Levante UD,Loss,CF,64,01:01:00,Left-footed shot,Alexis Sanchez,242
11-Dec,LaLiga,34,4/14/12,A,FC Barcelona,Levante UD,Loss,CF,73,01:02:00,Penalty,NA,243
11-Dec,LaLiga,36,4/29/12,A,FC Barcelona,Rayo Vallecano,Loss,CF,16,00:01:00,Left-footed shot,Pedro,244
11-Dec,LaLiga,36,4/29/12,A,FC Barcelona,Rayo Vallecano,Loss,CF,88,00:07:00,Left-footed shot,Pedro,245
11-Dec,LaLiga,20,05-02-2012,H,FC Barcelona,Malaga CF,Win,CF,34,02:01:00,Penalty,NA,246
11-Dec,LaLiga,20,05-02-2012,H,FC Barcelona,Malaga CF,Win,CF,60,03:01:00,Penalty,NA,247
11-Dec,LaLiga,20,05-02-2012,H,FC Barcelona,Malaga CF,Win,CF,63,04:01:00,Left-footed shot,Andres Iniesta,248
11-Dec,LaLiga,37,05-05-2012,H,FC Barcelona,RCD Espanyol Barcelona,Win,CF,11,01:00:00,Direct free kick,NA,249
11-Dec,LaLiga,37,05-05-2012,H,FC Barcelona,RCD Espanyol Barcelona,Win,CF,63,02:00:00,Penalty,NA,250
11-Dec,LaLiga,37,05-05-2012,H,FC Barcelona,RCD Espanyol Barcelona,Win,CF,73,03:00:00,Left-footed shot,Adriano,251
11-Dec,LaLiga,37,05-05-2012,H,FC Barcelona,RCD Espanyol Barcelona,Win,CF,78,04:00:00,Penalty,NA,252
11-Dec,Copa del Rey,Final,5/25/12,H,FC Barcelona,Athletic Bilbao,Win,CF,20,02:00:00,Right-footed shot,Andres Iniesta,253
Dec-13,LaLiga,1,8/19/12,H,FC Barcelona,Real Sociedad,Win,CF,10,02:01:00,Left-footed shot,Pedro,254
Dec-13,LaLiga,1,8/19/12,H,FC Barcelona,Real Sociedad,Win,CF,15,03:01:00,Left-footed shot,Cristian Tello,255
Dec-13,Supercopa,final,8/23/12,H,FC Barcelona,Real Madrid,Win,CF,60,02:01:00,Penalty,NA,256
Dec-13,LaLiga,2,8/26/12,A,FC Barcelona,CA Osasuna,Loss,CF,74,01:01:00,Left-footed shot,Alexis Sanchez,257
Dec-13,LaLiga,2,8/26/12,A,FC Barcelona,CA Osasuna,Loss,CF,79,01:02:00,Left-footed shot,Jordi Alba,258
Dec-13,Supercopa,final,8/29/12,A,FC Barcelona,Real Madrid,Loss,CF,45,02:01:00,Direct free kick,NA,259
Dec-13,LaLiga,4,9/15/12,A,FC Barcelona,Getafe CF,Loss,CF,74,00:02:00,Penalty,NA,260
Dec-13,LaLiga,4,9/15/12,A,FC Barcelona,Getafe CF,Loss,CF,78,00:03:00,Left-footed shot,Pedro,261
Dec-13,UEFA Champions League,Group Stage,9/19/12,H,FC Barcelona,Spartak Moscow,Win,CF,71,02:02:00,Left-footed shot,Cristian Tello,262
Dec-13,UEFA Champions League,Group Stage,9/19/12,H,FC Barcelona,Spartak Moscow,Win,CF,80,03:02:00,Header,Alexis Sanchez,263
Dec-13,LaLiga,7,10-07-2012,H,FC Barcelona,Real Madrid,Win,CF,31,01:01:00,Left-footed shot,NA,264
Dec-13,LaLiga,7,10-07-2012,H,FC Barcelona,Real Madrid,Win,CF,60,02:01:00,Direct free kick,NA,265
Dec-13,LaLiga,8,10/20/12,A,FC Barcelona,Deportivo de La Coruaa,Loss,CF,17,00:03:00,Left-footed shot,Cesc Fabregas,266
Dec-13,LaLiga,8,10/20/12,A,FC Barcelona,Deportivo de La Coruaa,Loss,CF,43,02:04:00,Left-footed shot,Cesc Fabregas,267
Dec-13,LaLiga,8,10/20/12,A,FC Barcelona,Deportivo de La Coruaa,Loss,CF,76,03:05:00,Left-footed shot,Xavi,268
Dec-13,LaLiga,9,10/27/12,A,FC Barcelona,Rayo Vallecano,Loss,CF,48,00:02:00,Left-footed shot,Marta Montoya,269
Dec-13,LaLiga,9,10/27/12,A,FC Barcelona,Rayo Vallecano,Loss,CF,89,00:05:00,Right-footed shot,Cesc Fabregas,270
Dec-13,UEFA Champions League,Group Stage,11-07-2012,A,FC Barcelona,Celtic FC,Loss,CF,90+1,02:01:00,Tap-in,NA,271
Dec-13,LaLiga,11,11-11-2012,A,FC Barcelona,RCD Mallorca,Loss,CF,43,00:02:00,Left-footed shot,Sergio Busquets,272
Dec-13,LaLiga,11,11-11-2012,A,FC Barcelona,RCD Mallorca,Loss,CF,70,02:04:00,Left-footed shot,Alexis Sanchez,273
Dec-13,LaLiga,12,11/17/12,H,FC Barcelona,Real Zaragoza,Win,CF,15,01:00:00,Left-footed shot,Jordi Alba,274
Dec-13,LaLiga,12,11/17/12,H,FC Barcelona,Real Zaragoza,Win,CF,60,03:01:00,Left-footed shot,Marta Montoya,275
Dec-13,UEFA Champions League,Group Stage,11/20/12,A,FC Barcelona,Spartak Moscow,Loss,CF,27,00:02:00,Right-footed shot,NA,276
Dec-13,UEFA Champions League,Group Stage,11/20/12,A,FC Barcelona,Spartak Moscow,Loss,CF,39,00:03:00,Left-footed shot,Pedro,277
Dec-13,LaLiga,13,11/25/12,A,FC Barcelona,Levante UD,Loss,CF,46,00:01:00,Left-footed shot,Andres Iniesta,278
Dec-13,LaLiga,13,11/25/12,A,FC Barcelona,Levante UD,Loss,CF,51,00:02:00,Left-footed shot,Andres Iniesta,279
Dec-13,LaLiga,14,12-01-2012,H,FC Barcelona,Athletic Bilbao,Win,CF,24,02:00:00,Left-footed shot,Xavi,280
Dec-13,LaLiga,14,12-01-2012,H,FC Barcelona,Athletic Bilbao,Win,CF,69,05:01:00,Right-footed shot,Pedro,281
Dec-13,LaLiga,15,12-09-2012,A,FC Barcelona,Real Betis Balompie,Loss,CF,16,00:01:00,Left-footed shot,Andres Iniesta,282
Dec-13,LaLiga,15,12-09-2012,A,FC Barcelona,Real Betis Balompie,Loss,CF,25,00:02:00,Left-footed shot,Andres Iniesta,283
Dec-13,Copa del Rey,last 16,12-12-2012,A,FC Barcelona,CÃ³rdoba CF,Loss,CF,10,00:01:00,Left-footed shot,David Villa,284
Dec-13,Copa del Rey,last 16,12-12-2012,A,FC Barcelona,CÃ³rdoba CF,Loss,CF,73,00:02:00,Left-footed shot,Alexis Sanchez,285
Dec-13,LaLiga,16,12/16/12,H,FC Barcelona,Atletico de Madrid,Win,CF,58,03:01:00,Left-footed shot,Alexis Sanchez,286
Dec-13,LaLiga,16,12/16/12,H,FC Barcelona,Atletico de Madrid,Win,CF,88,04:01:00,Left-footed shot,NA,287
Dec-13,LaLiga,17,12/22/12,A,FC Barcelona,Real Valladolid CF,Loss,CF,59,00:02:00,Left-footed shot,Xavi,288
Dec-13,LaLiga,18,01-06-2013,H,FC Barcelona,RCD Espanyol Barcelona,Win,CF,28,04:00:00,Penalty,NA,289
Dec-13,LaLiga,19,1/13/13,A,FC Barcelona,Malaga CF,Loss,CF,26,00:01:00,Right-footed shot,NA,290
Dec-13,Copa del Rey,Quarter-Finals,1/16/13,H,FC Barcelona,Malaga CF,Win,CF,29,01:01:00,Left-footed shot,NA,291
Dec-13,LaLiga,20,1/19/13,A,FC Barcelona,Real Sociedad,Loss,CF,6,00:01:00,Left-footed shot,Andres Iniesta,292
Dec-13,Copa del Rey,Quarter-Finals,1/24/13,A,FC Barcelona,Malaga CF,Loss,CF,79,02:04:00,Header,Dani Alves,293
Dec-13,LaLiga,21,1/27/13,H,FC Barcelona,CA Osasuna,Win,CF,11,01:00:00,Right-footed shot,Xavi,294
Dec-13,LaLiga,21,1/27/13,H,FC Barcelona,CA Osasuna,Win,CF,28,02:01:00,Penalty,NA,295
Dec-13,LaLiga,21,1/27/13,H,FC Barcelona,CA Osasuna,Win,CF,56,04:01:00,Left-footed shot,David Villa,296
Dec-13,LaLiga,21,1/27/13,H,FC Barcelona,CA Osasuna,Win,CF,58,05:01:00,Left-footed shot,Adriano,297
Dec-13,LaLiga,22,02-03-2013,A,FC Barcelona,Valencia CF,Loss,CF,39,01:01:00,Penalty,NA,298
Dec-13,LaLiga,23,02-10-2013,H,FC Barcelona,Getafe CF,Win,CF,13,02:00:00,Left-footed shot,Thiago,299
Dec-13,LaLiga,24,2/16/13,A,FC Barcelona,Granada CF,Loss,CF,49,01:01:00,Left-footed shot,NA,300
Dec-13,LaLiga,24,2/16/13,A,FC Barcelona,Granada CF,Loss,CF,72,01:02:00,Direct free kick,NA,301
Dec-13,LaLiga,25,2/23/13,H,FC Barcelona,Sevilla FC,Win,CF,60,02:01:00,Left-footed shot,Cristian Tello,302
Dec-13,LaLiga,26,03-02-2013,A,FC Barcelona,Real Madrid,Loss,CF,18,01:01:00,Left-footed shot,Dani Alves,303
Dec-13,LaLiga,27,03-09-2013,H,FC Barcelona,Deportivo de La Coruaa,Win,CF,88,02:00:00,Left-footed shot,Alexis Sanchez,304
Dec-13,UEFA Champions League,last 16,03-12-2013,H,FC Barcelona,AC Milan,Win,CF,5,01:00:00,Left-footed shot,Xavi,305
Dec-13,UEFA Champions League,last 16,03-12-2013,H,FC Barcelona,AC Milan,Win,CF,40,02:00:00,Left-footed shot,Andres Iniesta,306
Dec-13,LaLiga,28,3/17/13,H,FC Barcelona,Rayo Vallecano,Win,CF,40,02:00:00,Left-footed shot,David Villa,307
Dec-13,LaLiga,28,3/17/13,H,FC Barcelona,Rayo Vallecano,Win,CF,57,03:00:00,Left-footed shot,David Villa,308
Dec-13,LaLiga,29,3/30/13,A,FC Barcelona,Celta de Vigo,Loss,CF,73,01:02:00,Left-footed shot,Cristian Tello,309
Dec-13,UEFA Champions League,Quarter-Finals,04-02-2013,A,FC Barcelona,Paris Saint-Germain,Loss,CF,38,00:01:00,Left-footed shot,Dani Alves,310
Dec-13,LaLiga,33,4/27/13,A,FC Barcelona,Athletic Bilbao,Loss,CF,67,01:01:00,Left-footed shot,Thiago,311
Dec-13,LaLiga,34,05-05-2013,H,FC Barcelona,Real Betis Balompie,Win,CF,60,03:02:00,Direct free kick,NA,312
Dec-13,LaLiga,34,05-05-2013,H,FC Barcelona,Real Betis Balompie,Win,CF,71,04:02:00,Left-footed shot,Alexis Sanchez,313
13/14,LaLiga,1,8/18/13,H,FC Barcelona,Levante UD,Win,CF,13,02:00:00,Left-footed shot,Pedro,314
13/14,LaLiga,1,8/18/13,H,FC Barcelona,Levante UD,Win,CF,42,05:00:00,Penalty,NA,315
13/14,LaLiga,3,09-01-2013,A,FC Barcelona,Valencia CF,Loss,CF,11,00:01:00,Left-footed shot,Cesc Fabregas,316
13/14,LaLiga,3,09-01-2013,A,FC Barcelona,Valencia CF,Loss,CF,39,00:02:00,Right-footed shot,Cesc Fabregas,317
13/14,LaLiga,3,09-01-2013,A,FC Barcelona,Valencia CF,Loss,CF,41,00:03:00,Left-footed shot,Neymar,318
13/14,LaLiga,4,9/14/13,H,FC Barcelona,Sevilla FC,Win,CF,75,02:00:00,Left-footed shot,Neymar,319
13/14,UEFA Champions League,Group Stage,9/18/13,H,FC Barcelona,Ajax Amsterdam,Win,CF,22,01:00:00,Direct free kick,NA,320
13/14,UEFA Champions League,Group Stage,9/18/13,H,FC Barcelona,Ajax Amsterdam,Win,CF,55,02:00:00,Left-footed shot,Sergio Busquets,321
13/14,UEFA Champions League,Group Stage,9/18/13,H,FC Barcelona,Ajax Amsterdam,Win,CF,75,04:00:00,Left-footed shot,Xavi,322
13/14,LaLiga,6,9/24/13,H,FC Barcelona,Real Sociedad,Win,CF,8,02:00:00,Header,Neymar,323
13/14,LaLiga,7,9/28/13,A,FC Barcelona,UD Almera,Loss,CF,21,00:01:00,Left-footed shot,Pedro,324
13/14,UEFA Champions League,Group Stage,10/22/13,A,FC Barcelona,AC Milan,Loss,CF,23,01:01:00,Left-footed shot,Andres Iniesta,325
13/14,UEFA Champions League,Group Stage,11-06-2013,H,FC Barcelona,AC Milan,Win,CF,30,01:00:00,Penalty,NA,326
13/14,UEFA Champions League,Group Stage,11-06-2013,H,FC Barcelona,AC Milan,Win,CF,83,03:01:00,Left-footed shot,Cesc Fabregas,327
13/14,Copa del Rey,last 16,01-08-2014,H,FC Barcelona,Getafe CF,Win,CF,90,03:00:00,Left-footed shot,Marta Montoya,328
13/14,Copa del Rey,last 16,01-08-2014,H,FC Barcelona,Getafe CF,Win,CF,90+2,04:00:00,Left-footed shot,Alex Song,329
13/14,Copa del Rey,last 16,1/16/14,A,FC Barcelona,Getafe CF,Loss,CF,43,00:01:00,Right-footed shot,Cristian Tello,330
13/14,Copa del Rey,last 16,1/16/14,A,FC Barcelona,Getafe CF,Loss,CF,63,00:02:00,Left-footed shot,NA,331
13/14,LaLiga,22,02-01-2014,H,FC Barcelona,Valencia CF,Win,CF,54,02:02:00,Penalty,NA,332
13/14,LaLiga,23,02-09-2014,A,FC Barcelona,Sevilla FC,Loss,CF,44,01:02:00,Left-footed shot,Pedro,333
13/14,LaLiga,23,02-09-2014,A,FC Barcelona,Sevilla FC,Loss,CF,56,01:03:00,Left-footed shot,Andres Iniesta,334
13/14,Copa del Rey,Semi-Finals,02-12-2014,A,FC Barcelona,Real Sociedad,Loss,CF,26,00:01:00,Solo run,NA,335
13/14,LaLiga,24,2/15/14,H,FC Barcelona,Rayo Vallecano,Win,CF,36,02:00:00,Left-footed shot,Cesc Fabregas,336
13/14,LaLiga,24,2/15/14,H,FC Barcelona,Rayo Vallecano,Win,CF,68,05:00:00,Left-footed shot,Alexis Sanchez,337
13/14,UEFA Champions League,last 16,2/18/14,A,FC Barcelona,Manchester City,Loss,CF,54,00:01:00,Penalty,NA,338
13/14,LaLiga,25,2/22/14,A,FC Barcelona,Real Sociedad,Loss,CF,36,01:01:00,Left-footed shot,Marta Montoya,339
13/14,LaLiga,26,03-02-2014,H,FC Barcelona,UD Almera,Win,CF,24,02:00:00,Direct free kick,NA,340
13/14,UEFA Champions League,last 16,03-12-2014,H,FC Barcelona,Manchester City,Win,CF,67,01:00:00,Left-footed shot,NA,341
13/14,LaLiga,28,3/16/14,H,FC Barcelona,CA Osasuna,Win,CF,18,01:00:00,Left-footed shot,Alexis Sanchez,342
13/14,LaLiga,28,3/16/14,H,FC Barcelona,CA Osasuna,Win,CF,63,04:00:00,Left-footed shot,Andres Iniesta,343
13/14,LaLiga,28,3/16/14,H,FC Barcelona,CA Osasuna,Win,CF,88,06:00:00,Right-footed shot,Dani Alves,344
13/14,LaLiga,29,3/23/14,A,FC Barcelona,Real Madrid,Loss,CF,42,02:02:00,Left-footed shot,Neymar,345
13/14,LaLiga,29,3/23/14,A,FC Barcelona,Real Madrid,Loss,CF,65,03:03:00,Penalty,NA,346
13/14,LaLiga,29,3/23/14,A,FC Barcelona,Real Madrid,Loss,CF,84,03:04:00,Penalty,NA,347
13/14,LaLiga,30,3/26/14,H,FC Barcelona,Celta de Vigo,Win,CF,30,02:00:00,Right-footed shot,Andres Iniesta,348
13/14,LaLiga,31,3/29/14,A,FC Barcelona,RCD Espanyol Barcelona,Loss,CF,77,00:01:00,Penalty,NA,349
13/14,LaLiga,32,04-05-2014,H,FC Barcelona,Real Betis Balompie,Win,CF,15,01:00:00,Penalty,NA,350
13/14,LaLiga,32,04-05-2014,H,FC Barcelona,Real Betis Balompie,Win,CF,86,03:01:00,Penalty rebound,Antonio A05a,351
13/14,LaLiga,34,4/20/14,H,FC Barcelona,Athletic Bilbao,Win,CF,74,02:01:00,Direct free kick,NA,352
13/14,LaLiga,35,4/27/14,A,FC Barcelona,Villarreal CF,Loss,CF,83,02:03:00,Right-footed shot,Cesc Fabregas,353
13/14,LaLiga,36,05-03-2014,H,FC Barcelona,Getafe CF,Win,CF,23,01:00:00,Left-footed shot,Dani Alves,354
14/15,LaLiga,1,8/24/14,H,FC Barcelona,Elche CF,Win,CF,42,01:00:00,Left-footed shot,Sergio Busquets,355
14/15,LaLiga,1,8/24/14,H,FC Barcelona,Elche CF,Win,CF,64,03:00:00,Left-footed shot,NA,356
14/15,LaLiga,4,9/21/14,A,FC Barcelona,Levante UD,Loss,CF,77,00:05:00,Right-footed shot,NA,357
14/15,LaLiga,6,9/27/14,H,FC Barcelona,Granada CF,Win,CF,62,04:00:00,Header,Dani Alves,358
14/15,LaLiga,6,9/27/14,H,FC Barcelona,Granada CF,Win,CF,82,06:00:00,Right-footed shot,NA,359
14/15,UEFA Champions League,Group Stage,9/30/14,A,FC Barcelona,Paris Saint-Germain,Loss,RW,12,01:01:00,Left-footed shot,Andres Iniesta,360
14/15,LaLiga,7,10-04-2014,A,FC Barcelona,Rayo Vallecano,Loss,CF,35,00:01:00,Left-footed shot,Gerard Pique,361
14/15,LaLiga,8,10/18/14,H,FC Barcelona,SD Eibar,Win,CF,74,03:00:00,Left-footed shot,Neymar,362
14/15,UEFA Champions League,Group Stage,10/21/14,H,FC Barcelona,Ajax Amsterdam,Win,CF,24,02:00:00,Left-footed shot,Andres Iniesta,363
14/15,UEFA Champions League,Group Stage,11-05-2014,A,FC Barcelona,Ajax Amsterdam,Loss,RW,36,00:01:00,Header,Marc Bartra,364
14/15,UEFA Champions League,Group Stage,11-05-2014,A,FC Barcelona,Ajax Amsterdam,Loss,RW,76,00:02:00,Left-footed shot,Pedro,365
14/15,LaLiga,12,11/22/14,H,FC Barcelona,Sevilla FC,Win,RW,21,01:00:00,Direct free kick,NA,366
14/15,LaLiga,12,11/22/14,H,FC Barcelona,Sevilla FC,Win,RW,73,04:01:00,Tap-in,Neymar,367
14/15,LaLiga,12,11/22/14,H,FC Barcelona,Sevilla FC,Win,RW,78,05:01:00,Left-footed shot,Neymar,368
14/15,UEFA Champions League,Group Stage,11/25/14,A,FC Barcelona,APOEL Nicosia,Loss,CF,38,00:02:00,Right-footed shot,Rafinha,369
14/15,UEFA Champions League,Group Stage,11/25/14,A,FC Barcelona,APOEL Nicosia,Loss,CF,58,00:03:00,Right-footed shot,Dani Alves,370
14/15,UEFA Champions League,Group Stage,11/25/14,A,FC Barcelona,APOEL Nicosia,Loss,CF,87,00:04:00,Right-footed shot,Pedro,371
14/15,LaLiga,14,12-07-2014,H,FC Barcelona,RCD Espanyol Barcelona,Win,RW,45+1,01:01:00,Left-footed shot,Xavi,372
14/15,LaLiga,14,12-07-2014,H,FC Barcelona,RCD Espanyol Barcelona,Win,RW,50,02:01:00,Right-footed shot,Luis Suarez,373
14/15,LaLiga,14,12-07-2014,H,FC Barcelona,RCD Espanyol Barcelona,Win,RW,81,05:01:00,Right-footed shot,Pedro,374
14/15,UEFA Champions League,Group Stage,12-10-2014,H,FC Barcelona,Paris Saint-Germain,Win,AM,19,01:01:00,Right-footed shot,Luis Suarez,375
14/15,LaLiga,16,12/20/14,H,FC Barcelona,CÃ³rdoba CF,Win,RW,82,04:00:00,Right-footed shot,NA,376
14/15,LaLiga,16,12/20/14,H,FC Barcelona,CÃ³rdoba CF,Win,RW,90,05:00:00,Right-footed shot,NA,377
14/15,Copa del Rey,last 16,01-08-2015,H,FC Barcelona,Elche CF,Win,RW,45,03:00:00,Penalty,NA,378
14/15,LaLiga,18,01-11-2015,H,FC Barcelona,Atletico de Madrid,Win,RW,87,03:01:00,Left-footed shot,NA,379
14/15,LaLiga,19,1/18/15,A,FC Barcelona,Deportivo de La Coruaa,Loss,RW,11,00:01:00,Header,Ivan Rakitic,380
14/15,LaLiga,19,1/18/15,A,FC Barcelona,Deportivo de La Coruaa,Loss,RW,33,00:02:00,Left-footed shot,Luis Suarez,381
14/15,LaLiga,19,1/18/15,A,FC Barcelona,Deportivo de La Coruaa,Loss,RW,62,00:03:00,Left-footed shot,Ivan Rakitic,382
14/15,Copa del Rey,Quarter-Finals,1/21/15,H,FC Barcelona,Atletico de Madrid,Win,RW,85,01:00:00,Penalty rebound,NA,383
14/15,LaLiga,20,1/24/15,A,FC Barcelona,Elche CF,Loss,CF,55,00:02:00,Penalty,NA,384
14/15,LaLiga,20,1/24/15,A,FC Barcelona,Elche CF,Loss,CF,88,00:05:00,Left-footed shot,Marc Bartra,385
14/15,LaLiga,21,02-01-2015,H,FC Barcelona,Villarreal CF,Win,RW,55,03:02:00,Right-footed shot,Luis Suarez,386
14/15,LaLiga,22,02-08-2015,A,FC Barcelona,Athletic Bilbao,Loss,RW,15,00:01:00,Direct free kick,NA,387
14/15,Copa del Rey,Semi-Finals,02-11-2015,H,FC Barcelona,Villarreal CF,Win,RW,41,01:00:00,Left-footed shot,Luis Suarez,388
14/15,LaLiga,23,2/15/15,H,FC Barcelona,Levante UD,Win,CF,38,02:00:00,Right-footed shot,Marc Bartra,389
14/15,LaLiga,23,2/15/15,H,FC Barcelona,Levante UD,Win,CF,59,03:00:00,Right-footed shot,Pedro,390
14/15,LaLiga,23,2/15/15,H,FC Barcelona,Levante UD,Win,CF,65,04:00:00,Penalty,NA,391
14/15,LaLiga,25,2/28/15,A,FC Barcelona,Granada CF,Loss,RW,70,01:03:00,Right-footed shot,Luis Suarez,392
14/15,LaLiga,26,03-08-2015,H,FC Barcelona,Rayo Vallecano,Win,RW,56,03:00:00,Penalty,NA,393
14/15,LaLiga,26,03-08-2015,H,FC Barcelona,Rayo Vallecano,Win,RW,63,04:00:00,Tap-in,NA,394
14/15,LaLiga,26,03-08-2015,H,FC Barcelona,Rayo Vallecano,Win,RW,68,05:00:00,Left-footed shot,Pedro,395
14/15,LaLiga,27,3/14/15,A,FC Barcelona,SD Eibar,Loss,RW,31,00:01:00,Penalty,NA,396
14/15,LaLiga,27,3/14/15,A,FC Barcelona,SD Eibar,Loss,RW,55,00:02:00,Header,Ivan Rakitic,397
14/15,LaLiga,30,04-08-2015,H,FC Barcelona,UD Almera,Win,RW,33,01:00:00,Left-footed shot,Marc Bartra,398
14/15,LaLiga,31,04-11-2015,A,FC Barcelona,Sevilla FC,Loss,RW,15,00:01:00,Left-footed shot,Neymar,399
14/15,LaLiga,32,4/18/15,H,FC Barcelona,Valencia CF,Win,RW,90+4,02:00:00,Left-footed shot,NA,400
14/15,LaLiga,33,4/25/15,A,FC Barcelona,RCD Espanyol Barcelona,Loss,RW,25,00:02:00,Left-footed shot,Luis Suarez,401
14/15,LaLiga,34,4/28/15,H,FC Barcelona,Getafe CF,Win,RW,9,01:00:00,Penalty,NA,402
14/15,LaLiga,34,4/28/15,H,FC Barcelona,Getafe CF,Win,RW,47,06:00:00,Left-footed shot,Luis Suarez,403
14/15,LaLiga,35,05-02-2015,A,FC Barcelona,CÃ³rdoba CF,Loss,RW,47,00:03:00,Header,Dani Alves,404
14/15,LaLiga,35,05-02-2015,A,FC Barcelona,CÃ³rdoba CF,Loss,RW,80,00:06:00,Left-footed shot,Luis Suarez,405
14/15,UEFA Champions League,Semi-Finals,05-06-2015,H,FC Barcelona,Bayern Munich,Win,RW,77,01:00:00,Left-footed shot,Dani Alves,406
14/15,UEFA Champions League,Semi-Finals,05-06-2015,H,FC Barcelona,Bayern Munich,Win,RW,80,02:00:00,Right-footed shot,Ivan Rakitic,407
14/15,LaLiga,37,5/17/15,A,FC Barcelona,Atletico de Madrid,Loss,RW,65,00:01:00,Left-footed shot,Pedro,408
14/15,LaLiga,38,5/23/15,H,FC Barcelona,Deportivo de La Coruaa,Win,RW,5,01:00:00,Header,Rafinha,409
14/15,LaLiga,38,5/23/15,H,FC Barcelona,Deportivo de La Coruaa,Win,RW,59,02:00:00,Right-footed shot,Neymar,410
14/15,Copa del Rey,Final,5/30/15,A,FC Barcelona,Athletic Bilbao,Loss,RW,20,00:01:00,Solo run,NA,411
14/15,Copa del Rey,Final,5/30/15,A,FC Barcelona,Athletic Bilbao,Loss,RW,74,00:03:00,Left-footed shot,Dani Alves,412
15/16,UEFA Super Cup,Final,08-11-2015,H,FC Barcelona,Sevilla FC,Win,RW,7,01:01:00,Direct free kick,NA,413
15/16,UEFA Super Cup,Final,08-11-2015,H,FC Barcelona,Sevilla FC,Win,RW,16,02:01:00,Direct free kick,NA,414
15/16,Supercopa,final,8/17/15,H,FC Barcelona,Athletic Bilbao,Win,RW,43,01:00:00,Left-footed shot,Luis Suarez,415
15/16,LaLiga,3,09-12-2015,A,FC Barcelona,Atletico de Madrid,Loss,RW,77,01:02:00,Left-footed shot,Luis Suarez,416
15/16,LaLiga,4,9/20/15,H,FC Barcelona,Levante UD,Win,AM,61,03:00:00,Penalty,NA,417
15/16,LaLiga,4,9/20/15,H,FC Barcelona,Levante UD,Win,AM,90,04:01:00,Left-footed shot,Marc Bartra,418
15/16,UEFA Champions League,Group Stage,11/24/15,H,FC Barcelona,AS Roma,Win,RW,18,02:00:00,Left-footed shot,Luis Suarez,419
15/16,UEFA Champions League,Group Stage,11/24/15,H,FC Barcelona,AS Roma,Win,RW,60,05:00:00,Tap-in,NA,420
15/16,LaLiga,13,11/28/15,H,FC Barcelona,Real Sociedad,Win,RW,90+1,04:00:00,Left-footed shot,Neymar,421
15/16,UEFA Champions League,Group Stage,12-09-2015,A,FC Barcelona,Bayer 04 Leverkusen,Loss,CF,20,00:01:00,Right-footed shot,Ivan Rakitic,422
15/16,LaLiga,15,12-12-2015,H,FC Barcelona,Deportivo de La Coruaa,Win,RW,39,01:00:00,Direct free kick,NA,423
15/16,FIFA Club World Cup,Final,12/20/15,A,FC Barcelona,CA River Plate,Loss,RW,36,00:01:00,Left-footed shot,Neymar,424
15/16,LaLiga,17,12/30/15,H,FC Barcelona,Real Betis Balompie,Win,RW,33,02:00:00,Right-footed shot,Neymar,425
15/16,Copa del Rey,last 16,01-06-2016,H,FC Barcelona,RCD Espanyol Barcelona,Win,RW,13,01:01:00,Left-footed shot,Andres Iniesta,426
15/16,Copa del Rey,last 16,01-06-2016,H,FC Barcelona,RCD Espanyol Barcelona,Win,RW,44,02:01:00,Direct free kick,NA,427
15/16,LaLiga,19,01-09-2016,H,FC Barcelona,Granada CF,Win,RW,8,01:00:00,Left-footed shot,Arda Turan,428
15/16,LaLiga,19,01-09-2016,H,FC Barcelona,Granada CF,Win,RW,14,02:00:00,Left-footed shot,Luis Suarez,429
15/16,LaLiga,19,01-09-2016,H,FC Barcelona,Granada CF,Win,RW,58,03:00:00,Tap-in,NA,430
15/16,LaLiga,20,1/17/16,H,FC Barcelona,Athletic Bilbao,Win,RW,7,01:00:00,Penalty,NA,431
15/16,LaLiga,21,1/23/16,A,FC Barcelona,Malaga CF,Loss,RW,51,01:02:00,Left-footed shot,Adriano,432
15/16,LaLiga,22,1/30/16,H,FC Barcelona,Atletico de Madrid,Win,RW,30,01:01:00,Left-footed shot,Jordi Alba,433
15/16,Copa del Rey,Semi-Finals,02-03-2016,H,FC Barcelona,Valencia CF,Win,RW,29,03:00:00,Left-footed shot,Neymar,434
15/16,Copa del Rey,Semi-Finals,02-03-2016,H,FC Barcelona,Valencia CF,Win,RW,59,04:00:00,Left-footed shot,Luis Suarez,435
15/16,Copa del Rey,Semi-Finals,02-03-2016,H,FC Barcelona,Valencia CF,Win,RW,74,05:00:00,Left-footed shot,NA,436
15/16,LaLiga,24,2/14/16,H,FC Barcelona,Celta de Vigo,Win,RW,28,01:00:00,Direct free kick,NA,437
15/16,LaLiga,16,2/17/16,A,FC Barcelona,Sporting GijÃ³n,Loss,RW,25,00:01:00,Left-footed shot,Luis Suarez,438
15/16,LaLiga,16,2/17/16,A,FC Barcelona,Sporting GijÃ³n,Loss,RW,31,01:02:00,Left-footed shot,Luis Suarez,439
15/16,UEFA Champions League,last 16,2/23/16,A,FC Barcelona,Arsenal FC,Loss,RW,71,00:01:00,Left-footed shot,Neymar,440
15/16,UEFA Champions League,last 16,2/23/16,A,FC Barcelona,Arsenal FC,Loss,RW,83,00:02:00,Penalty,NA,441
15/16,LaLiga,26,2/28/16,H,FC Barcelona,Sevilla FC,Win,RW,31,01:01:00,Direct free kick,NA,442
15/16,LaLiga,27,03-03-2016,A,FC Barcelona,Rayo Vallecano,Loss,RW,23,00:02:00,Left-footed shot,Neymar,443
15/16,LaLiga,27,03-03-2016,A,FC Barcelona,Rayo Vallecano,Loss,RW,53,00:03:00,Left-footed shot,NA,444
15/16,LaLiga,27,03-03-2016,A,FC Barcelona,Rayo Vallecano,Loss,RW,72,01:04:00,Left-footed shot,Sergio Busquets,445
15/16,LaLiga,28,03-06-2016,A,FC Barcelona,SD Eibar,Loss,RW,42,00:02:00,Left-footed shot,Munir El Haddadi,446
15/16,LaLiga,28,03-06-2016,A,FC Barcelona,SD Eibar,Loss,RW,76,00:03:00,Penalty,NA,447
15/16,LaLiga,29,03-12-2016,H,FC Barcelona,Getafe CF,Win,CF,41,04:00:00,Left-footed shot,Arda Turan,448
15/16,UEFA Champions League,last 16,3/16/16,H,FC Barcelona,Arsenal FC,Win,RW,86,03:01:00,Left-footed shot,Neymar,449
15/16,LaLiga,33,4/17/16,H,FC Barcelona,Valencia CF,Win,RW,63,01:02:00,Left-footed shot,Jordi Alba,450
15/16,LaLiga,34,4/20/16,A,FC Barcelona,Deportivo de La Coruaa,Loss,RW,73,00:06:00,Left-footed shot,Luis Suarez,451
15/16,LaLiga,35,4/23/16,H,FC Barcelona,Sporting GijÃ³n,Win,RW,13,01:00:00,Header,NA,452
15/16,LaLiga,37,05-08-2016,H,FC Barcelona,RCD Espanyol Barcelona,Win,RW,8,01:00:00,Direct free kick,NA,453
16/17,Supercopa,final,8/17/16,H,FC Barcelona,Sevilla FC,Win,RW,55,03:00:00,Header,Lucas Digne,454
16/17,LaLiga,1,8/20/16,H,FC Barcelona,Real Betis Balompie,Win,RW,37,02:01:00,Left-footed shot,Sergi Roberto,455
16/17,LaLiga,1,8/20/16,H,FC Barcelona,Real Betis Balompie,Win,RW,58,05:01:00,Left-footed shot,Arda Turan,456
16/17,UEFA Champions League,Group Stage,9/13/16,H,FC Barcelona,Celtic FC,Win,RW,3,01:00:00,Left-footed shot,Neymar,457
16/17,UEFA Champions League,Group Stage,9/13/16,H,FC Barcelona,Celtic FC,Win,RW,27,02:00:00,Left-footed shot,Neymar,458
16/17,UEFA Champions League,Group Stage,9/13/16,H,FC Barcelona,Celtic FC,Win,RW,60,05:00:00,Left-footed shot,Luis Suarez,459
16/17,LaLiga,4,9/17/16,A,FC Barcelona,CD Leganes,Loss,RW,15,00:01:00,Left-footed shot,Luis Suarez,460
16/17,LaLiga,4,9/17/16,A,FC Barcelona,CD Leganes,Loss,RW,55,00:04:00,Penalty,NA,461
16/17,LaLiga,8,10/15/16,H,FC Barcelona,Deportivo de La Coruaa,Win,RW,58,04:00:00,Left-footed shot,Neymar,462
16/17,UEFA Champions League,Group Stage,10/19/16,H,FC Barcelona,Manchester City,Win,RW,17,01:00:00,Left-footed shot,Andres Iniesta,463
16/17,UEFA Champions League,Group Stage,10/19/16,H,FC Barcelona,Manchester City,Win,RW,61,02:00:00,Left-footed shot,Andres Iniesta,464
16/17,UEFA Champions League,Group Stage,10/19/16,H,FC Barcelona,Manchester City,Win,RW,69,03:00:00,Left-footed shot,Luis Suarez,465
16/17,LaLiga,9,10/22/16,A,FC Barcelona,Valencia CF,Loss,RW,22,00:01:00,Left-footed shot,Ivan Rakitic,466
16/17,LaLiga,9,10/22/16,A,FC Barcelona,Valencia CF,Loss,RW,90+4,02:03:00,Penalty,NA,467
16/17,UEFA Champions League,Group Stage,11-01-2016,A,FC Barcelona,Manchester City,Loss,RW,21,00:01:00,Left-footed shot,Neymar,468
16/17,LaLiga,11,11-06-2016,A,FC Barcelona,Sevilla FC,Loss,RW,43,01:01:00,Left-footed shot,Neymar,469
16/17,UEFA Champions League,Group Stage,11/23/16,A,FC Barcelona,Celtic FC,Loss,RW,24,00:01:00,Left-footed shot,Neymar,470
16/17,UEFA Champions League,Group Stage,11/23/16,A,FC Barcelona,Celtic FC,Loss,RW,55,00:02:00,Penalty,NA,471
16/17,LaLiga,13,11/27/16,A,FC Barcelona,Real Sociedad,Loss,RW,59,01:01:00,Left-footed shot,Neymar,472
16/17,UEFA Champions League,Group Stage,12-06-2016,H,FC Barcelona,Borussia MÃ¶nchengladbach,Win,RW,16,01:00:00,Left-footed shot,Arda Turan,473
16/17,LaLiga,15,12-10-2016,A,FC Barcelona,CA Osasuna,Loss,RW,72,00:02:00,Left-footed shot,Jordi Alba,474
16/17,LaLiga,15,12-10-2016,A,FC Barcelona,CA Osasuna,Loss,RW,90+2,00:03:00,Left-footed shot,Sergio Busquets,475
16/17,LaLiga,16,12/18/16,H,FC Barcelona,RCD Espanyol Barcelona,Win,RW,90,04:01:00,Left-footed shot,Luis Suarez,476
16/17,Copa del Rey,last 16,01-05-2017,A,FC Barcelona,Athletic Bilbao,Loss,RW,52,02:01:00,Direct free kick,NA,477
16/17,LaLiga,17,01-08-2017,A,FC Barcelona,Villarreal CF,Loss,RW,90,01:01:00,Direct free kick,NA,478
16/17,Copa del Rey,last 16,01-11-2017,H,FC Barcelona,Athletic Bilbao,Win,RW,78,03:01:00,Direct free kick,NA,479
16/17,LaLiga,18,1/14/17,H,FC Barcelona,UD Las Palmas,Win,RW,52,02:00:00,Right-footed shot,NA,480
16/17,LaLiga,19,1/22/17,A,FC Barcelona,SD Eibar,Loss,RW,50,00:02:00,Left-footed shot,Luis Suarez,481
16/17,Copa del Rey,Quarter-Finals,1/26/17,H,FC Barcelona,Real Sociedad,Win,RW,55,02:00:00,Penalty,NA,482
16/17,Copa del Rey,Semi-Finals,02-01-2017,A,FC Barcelona,Atletico de Madrid,Loss,RW,33,00:02:00,Left-footed shot,Ivan Rakitic,483
16/17,LaLiga,21,02-04-2017,H,FC Barcelona,Athletic Bilbao,Win,RW,40,02:00:00,Direct free kick,NA,484
16/17,LaLiga,22,02-11-2017,A,FC Barcelona,Deportivo Alaves,Loss,RW,59,00:03:00,Left-footed shot,Neymar,485
16/17,LaLiga,23,2/19/17,H,FC Barcelona,CD Leganes,Win,RW,4,01:00:00,Right-footed shot,Luis Suarez,486
16/17,LaLiga,23,2/19/17,H,FC Barcelona,CD Leganes,Win,RW,90,02:01:00,Penalty,NA,487
16/17,LaLiga,24,2/26/17,A,FC Barcelona,Atletico de Madrid,Loss,RW,86,01:02:00,Left-footed shot,NA,488
16/17,LaLiga,25,03-01-2017,H,FC Barcelona,Sporting GijÃ³n,Win,RW,9,01:00:00,Header,Javier Mascherano,489
16/17,LaLiga,26,03-04-2017,H,FC Barcelona,Celta de Vigo,Win,AM,24,01:00:00,Left-footed shot,Sergio Busquets,490
16/17,LaLiga,26,03-04-2017,H,FC Barcelona,Celta de Vigo,Win,AM,64,05:00:00,Left-footed shot,NA,491
16/17,UEFA Champions League,last 16,03-08-2017,H,FC Barcelona,Paris Saint-Germain,Win,AM,50,03:00:00,Penalty,NA,492
16/17,LaLiga,28,3/19/17,H,FC Barcelona,Valencia CF,Win,AM,45,02:01:00,Penalty,NA,493
16/17,LaLiga,28,3/19/17,H,FC Barcelona,Valencia CF,Win,AM,53,03:02:00,Right-footed shot,Javier Mascherano,494
16/17,LaLiga,30,04-05-2017,H,FC Barcelona,Sevilla FC,Win,RW,28,02:00:00,Right-footed shot,Luis Suarez,495
16/17,LaLiga,30,04-05-2017,H,FC Barcelona,Sevilla FC,Win,RW,33,03:00:00,Left-footed shot,NA,496
16/17,LaLiga,32,4/15/17,H,FC Barcelona,Real Sociedad,Win,RW,17,01:00:00,Left-footed shot,Luis Suarez,497
16/17,LaLiga,32,4/15/17,H,FC Barcelona,Real Sociedad,Win,RW,37,02:00:00,Tap-in,NA,498
16/17,LaLiga,33,4/23/17,A,FC Barcelona,Real Madrid,Loss,RW,33,01:01:00,Left-footed shot,Ivan Rakitic,499
16/17,LaLiga,33,4/23/17,A,FC Barcelona,Real Madrid,Loss,RW,90+2,02:03:00,Left-footed shot,Jordi Alba,500
16/17,LaLiga,34,4/26/17,H,FC Barcelona,CA Osasuna,Win,AM,12,01:00:00,Left-footed shot,NA,501
16/17,LaLiga,34,4/26/17,H,FC Barcelona,CA Osasuna,Win,AM,61,04:01:00,Left-footed shot,Ivan Rakitic,502
16/17,LaLiga,36,05-06-2017,H,FC Barcelona,Villarreal CF,Win,RW,45,02:01:00,Left-footed shot,Sergio Busquets,503
16/17,LaLiga,36,05-06-2017,H,FC Barcelona,Villarreal CF,Win,RW,82,04:01:00,Penalty,NA,504
16/17,LaLiga,38,5/21/17,H,FC Barcelona,SD Eibar,Win,RW,75,03:02:00,Penalty,NA,505
16/17,LaLiga,38,5/21/17,H,FC Barcelona,SD Eibar,Win,RW,90+2,04:02:00,Right-footed shot,NA,506
16/17,Copa del Rey,Final,5/27/17,H,FC Barcelona,Deportivo Alaves,Win,RW,30,01:00:00,Left-footed shot,Neymar,507
17/18,Supercopa,final,8/13/17,H,FC Barcelona,Real Madrid,Win,RW,77,01:01:00,Penalty,NA,508
17/18,LaLiga,2,8/26/17,A,FC Barcelona,Deportivo Alaves,Loss,CF,55,00:01:00,Left-footed shot,Jordi Alba,509
17/18,LaLiga,2,8/26/17,A,FC Barcelona,Deportivo Alaves,Loss,CF,66,00:02:00,Left-footed shot,Paco Alcacer,510
17/18,LaLiga,3,09-09-2017,H,FC Barcelona,RCD Espanyol Barcelona,Win,CF,26,01:00:00,Left-footed shot,Ivan Rakitic,511
17/18,LaLiga,3,09-09-2017,H,FC Barcelona,RCD Espanyol Barcelona,Win,CF,35,02:00:00,Right-footed shot,Jordi Alba,512
17/18,LaLiga,3,09-09-2017,H,FC Barcelona,RCD Espanyol Barcelona,Win,CF,67,03:00:00,Left-footed shot,Jordi Alba,513
17/18,UEFA Champions League,Group Stage,09-12-2017,H,FC Barcelona,Juventus FC,Win,CF,45,01:00:00,Left-footed shot,Luis Suarez,514
17/18,UEFA Champions League,Group Stage,09-12-2017,H,FC Barcelona,Juventus FC,Win,CF,69,03:00:00,Left-footed shot,NA,515
17/18,LaLiga,5,9/19/17,H,FC Barcelona,SD Eibar,Win,CF,21,01:00:00,Penalty,NA,516
17/18,LaLiga,5,9/19/17,H,FC Barcelona,SD Eibar,Win,CF,59,04:01:00,Left-footed shot,Sergio Busquets,517
17/18,LaLiga,5,9/19/17,H,FC Barcelona,SD Eibar,Win,CF,62,05:01:00,Left-footed shot,Paulinho,518
17/18,LaLiga,5,9/19/17,H,FC Barcelona,SD Eibar,Win,CF,87,06:01:00,Left-footed shot,Aleix Vidal,519
17/18,LaLiga,7,10-01-2017,H,FC Barcelona,UD Las Palmas,Win,SS,70,02:00:00,Left-footed shot,Denis Suarez,520
17/18,LaLiga,7,10-01-2017,H,FC Barcelona,UD Las Palmas,Win,SS,77,03:00:00,Left-footed shot,Luis Suarez,521
17/18,UEFA Champions League,Group Stage,10/18/17,H,FC Barcelona,Olympiacos Piraeus,Win,CF,61,02:00:00,Direct free kick,NA,522
17/18,LaLiga,10,10/28/17,A,FC Barcelona,Athletic Bilbao,Loss,SS,37,00:01:00,Left-footed shot,Jordi Alba,523
17/18,LaLiga,14,12-02-2017,H,FC Barcelona,Celta de Vigo,Win,SS,22,01:01:00,Left-footed shot,Paulinho,524
17/18,LaLiga,15,12-10-2017,A,FC Barcelona,Villarreal CF,Loss,RW,83,00:02:00,Left-footed shot,Sergio Busquets,525
17/18,LaLiga,17,12/23/17,A,FC Barcelona,Real Madrid,Loss,SS,64,00:02:00,Penalty,NA,526
17/18,LaLiga,18,01-07-2018,H,FC Barcelona,Levante UD,Win,SS,12,01:00:00,Left-footed shot,Jordi Alba,527
17/18,Copa del Rey,last 16,01-11-2018,H,FC Barcelona,Celta de Vigo,Win,SS,13,01:00:00,Left-footed shot,Jordi Alba,528
17/18,Copa del Rey,last 16,01-11-2018,H,FC Barcelona,Celta de Vigo,Win,SS,15,02:00:00,Left-footed shot,Jordi Alba,529
17/18,LaLiga,19,1/14/18,A,FC Barcelona,Real Sociedad,Loss,SS,85,02:04:00,Direct free kick,NA,530
17/18,LaLiga,20,1/21/18,A,FC Barcelona,Real Betis Balompie,Loss,SS,64,00:02:00,Left-footed shot,Sergio Busquets,531
17/18,LaLiga,20,1/21/18,A,FC Barcelona,Real Betis Balompie,Loss,SS,80,00:04:00,Left-footed shot,Luis Suarez,532
17/18,Copa del Rey,Quarter-Finals,1/25/18,H,FC Barcelona,RCD Espanyol Barcelona,Win,SS,25,02:00:00,Deflected shot on goal,NA,533
17/18,LaLiga,21,1/28/18,H,FC Barcelona,Deportivo Alaves,Win,SS,84,02:01:00,Direct free kick,NA,534
17/18,UEFA Champions League,last 16,2/20/18,A,FC Barcelona,Chelsea FC,Loss,SS,75,01:01:00,Left-footed shot,Andres Iniesta,535
17/18,LaLiga,25,2/24/18,H,FC Barcelona,Girona FC,Win,SS,30,02:01:00,Left-footed shot,Luis Suarez,536
17/18,LaLiga,25,2/24/18,H,FC Barcelona,Girona FC,Win,SS,36,03:01:00,Direct free kick,NA,537
17/18,LaLiga,26,03-01-2018,A,FC Barcelona,UD Las Palmas,Loss,SS,21,00:01:00,Direct free kick,NA,538
17/18,LaLiga,27,03-04-2018,H,FC Barcelona,Atletico de Madrid,Win,SS,26,01:00:00,Direct free kick,NA,539
17/18,UEFA Champions League,last 16,3/14/18,H,FC Barcelona,Chelsea FC,Win,SS,3,01:00:00,Right-footed shot,Luis Suarez,540
17/18,UEFA Champions League,last 16,3/14/18,H,FC Barcelona,Chelsea FC,Win,SS,63,03:00:00,Left-footed shot,Luis Suarez,541
17/18,LaLiga,29,3/18/18,H,FC Barcelona,Athletic Bilbao,Win,SS,30,02:00:00,Left-footed shot,Ousmane Dembele,542
17/18,LaLiga,30,3/31/18,A,FC Barcelona,Sevilla FC,Loss,RW,89,02:02:00,Left-footed shot,Philippe Coutinho,543
17/18,LaLiga,31,04-07-2018,H,FC Barcelona,CD Leganes,Win,SS,27,01:00:00,Direct free kick,NA,544
17/18,LaLiga,31,04-07-2018,H,FC Barcelona,CD Leganes,Win,SS,32,02:00:00,Left-footed shot,Philippe Coutinho,545
17/18,LaLiga,31,04-07-2018,H,FC Barcelona,CD Leganes,Win,SS,87,03:01:00,Left-footed shot,Ousmane Dembele,546
17/18,Copa del Rey,Final,4/21/18,A,FC Barcelona,Sevilla FC,Loss,SS,31,00:02:00,Left-footed shot,Jordi Alba,547
17/18,LaLiga,35,4/29/18,A,FC Barcelona,Deportivo de La Coruaa,Loss,CF,38,00:02:00,Left-footed shot,Luis Suarez,548
17/18,LaLiga,35,4/29/18,A,FC Barcelona,Deportivo de La Coruaa,Loss,CF,82,02:03:00,Right-footed shot,Luis Suarez,549
17/18,LaLiga,35,4/29/18,A,FC Barcelona,Deportivo de La Coruaa,Loss,CF,85,02:04:00,Left-footed shot,Luis Suarez,550
17/18,LaLiga,36,05-06-2018,H,FC Barcelona,Real Madrid,Win,SS,52,02:01:00,Left-footed shot,Luis Suarez,551
17/18,LaLiga,34,05-09-2018,H,FC Barcelona,Villarreal CF,Win,CF,45,03:00:00,Left-footed shot,Andres Iniesta,552
18/19,LaLiga,1,8/18/18,H,FC Barcelona,Deportivo Alaves,Win,RW,64,01:00:00,Direct free kick,NA,553
18/19,LaLiga,1,8/18/18,H,FC Barcelona,Deportivo Alaves,Win,RW,90+2,03:00:00,Left-footed shot,Luis Suarez,554
18/19,LaLiga,3,09-02-2018,H,FC Barcelona,SD Huesca,Win,RW,16,01:01:00,Right-footed shot,Ivan Rakitic,555
18/19,LaLiga,3,09-02-2018,H,FC Barcelona,SD Huesca,Win,RW,61,06:02:00,Left-footed shot,Philippe Coutinho,556
18/19,UEFA Champions League,Group Stage,9/18/18,H,FC Barcelona,PSV Eindhoven,Win,RW,31,01:00:00,Direct free kick,NA,557
18/19,UEFA Champions League,Group Stage,9/18/18,H,FC Barcelona,PSV Eindhoven,Win,RW,77,03:00:00,Left-footed shot,Ivan Rakitic,558
18/19,UEFA Champions League,Group Stage,9/18/18,H,FC Barcelona,PSV Eindhoven,Win,RW,87,04:00:00,Right-footed shot,Luis Suarez,559
18/19,LaLiga,5,9/23/18,H,FC Barcelona,Girona FC,Win,RW,19,01:00:00,Left-footed shot,Arturo Vidal,560
18/19,UEFA Champions League,Group Stage,10-03-2018,A,FC Barcelona,Tottenham Hotspur,Loss,RW,56,01:03:00,Left-footed shot,Jordi Alba,561
18/19,UEFA Champions League,Group Stage,10-03-2018,A,FC Barcelona,Tottenham Hotspur,Loss,RW,90,02:04:00,Left-footed shot,Jordi Alba,562
18/19,LaLiga,8,10-07-2018,A,FC Barcelona,Valencia CF,Loss,RW,23,01:01:00,Left-footed shot,Luis Suarez,563
18/19,LaLiga,9,10/20/18,H,FC Barcelona,Sevilla FC,Win,RW,12,02:00:00,Left-footed shot,Luis Suarez,564
18/19,LaLiga,12,11-11-2018,H,FC Barcelona,Real Betis Balompie,Win,SS,68,01:02:00,Penalty,NA,565
18/19,LaLiga,12,11-11-2018,H,FC Barcelona,Real Betis Balompie,Win,SS,90+4,03:04:00,Left-footed shot,Arturo Vidal,566
18/19,UEFA Champions League,Group Stage,11/28/18,A,FC Barcelona,PSV Eindhoven,Loss,CF,61,00:01:00,Left-footed shot,Ousmane Dembele,567
18/19,LaLiga,15,12-08-2018,A,FC Barcelona,RCD Espanyol Barcelona,Loss,RW,17,00:01:00,Direct free kick,NA,568
18/19,LaLiga,15,12-08-2018,A,FC Barcelona,RCD Espanyol Barcelona,Loss,RW,65,00:04:00,Direct free kick,NA,569
18/19,LaLiga,16,12/16/18,A,FC Barcelona,Levante UD,Loss,SS,43,00:02:00,Right-footed shot,Sergio Busquets,570
18/19,LaLiga,16,12/16/18,A,FC Barcelona,Levante UD,Loss,SS,47,00:03:00,Left-footed shot,NA,571
18/19,LaLiga,16,12/16/18,A,FC Barcelona,Levante UD,Loss,SS,60,00:04:00,Left-footed shot,Arturo Vidal,572
18/19,LaLiga,17,12/22/18,H,FC Barcelona,Celta de Vigo,Win,RW,45,02:00:00,Left-footed shot,Jordi Alba,573
18/19,LaLiga,18,01-06-2019,A,FC Barcelona,Getafe CF,Loss,RW,20,00:01:00,Left-footed shot,NA,574
18/19,LaLiga,19,1/13/19,H,FC Barcelona,SD Eibar,Win,RW,53,02:00:00,Left-footed shot,Luis Suarez,575
18/19,Copa del Rey,last 16,1/17/19,H,FC Barcelona,Levante UD,Win,CF,54,03:00:00,Left-footed shot,Nelson Semedo,576
18/19,LaLiga,20,1/20/19,H,FC Barcelona,CD Leganes,Win,SS,90+2,03:01:00,Right-footed shot,Jordi Alba,577
18/19,LaLiga,21,1/27/19,A,FC Barcelona,Girona FC,Loss,RW,69,00:02:00,Left-footed shot,Jordi Alba,578
18/19,Copa del Rey,Quarter-Finals,1/30/19,H,FC Barcelona,Sevilla FC,Win,RW,90+2,06:01:00,Left-footed shot,Jordi Alba,579
18/19,LaLiga,22,02-02-2019,H,FC Barcelona,Valencia CF,Win,RW,39,01:02:00,Penalty,NA,580
18/19,LaLiga,22,02-02-2019,H,FC Barcelona,Valencia CF,Win,RW,64,02:02:00,Left-footed shot,Arturo Vidal,581
18/19,LaLiga,24,2/16/19,H,FC Barcelona,Real Valladolid CF,Win,RW,43,01:00:00,Penalty,NA,582
18/19,LaLiga,25,2/23/19,A,FC Barcelona,Sevilla FC,Loss,RW,26,01:01:00,Left-footed shot,Ivan Rakitic,583
18/19,LaLiga,25,2/23/19,A,FC Barcelona,Sevilla FC,Loss,RW,67,02:02:00,Right-footed shot,Ousmane Dembele,584
18/19,LaLiga,25,2/23/19,A,FC Barcelona,Sevilla FC,Loss,RW,85,02:03:00,Left-footed shot,NA,585
18/19,LaLiga,27,03-09-2019,H,FC Barcelona,Rayo Vallecano,Win,RW,51,02:01:00,Penalty,NA,586
18/19,UEFA Champions League,last 16,3/13/19,H,FC Barcelona,Olympique Lyon,Win,RW,18,01:00:00,Penalty,NA,587
18/19,UEFA Champions League,last 16,3/13/19,H,FC Barcelona,Olympique Lyon,Win,RW,78,03:01:00,Right-footed shot,Sergio Busquets,588
18/19,LaLiga,28,3/17/19,A,FC Barcelona,Real Betis Balompie,Loss,SS,18,00:01:00,Direct free kick,NA,589
18/19,LaLiga,28,3/17/19,A,FC Barcelona,Real Betis Balompie,Loss,SS,45+2,00:02:00,Left-footed shot,Luis Suarez,590
18/19,LaLiga,28,3/17/19,A,FC Barcelona,Real Betis Balompie,Loss,SS,85,01:04:00,Left-footed shot,Ivan Rakitic,591
18/19,LaLiga,29,3/30/19,H,FC Barcelona,RCD Espanyol Barcelona,Win,RW,71,01:00:00,Direct free kick,NA,592
18/19,LaLiga,29,3/30/19,H,FC Barcelona,RCD Espanyol Barcelona,Win,RW,89,02:00:00,Left-footed shot,Malcom,593
18/19,LaLiga,30,04-02-2019,A,FC Barcelona,Villarreal CF,Loss,RW,90,04:03:00,Direct free kick,NA,594
18/19,LaLiga,31,04-06-2019,H,FC Barcelona,Atletico de Madrid,Win,SS,87,02:00:00,Left-footed shot,NA,595
18/19,UEFA Champions League,Quarter-Finals,4/16/19,H,FC Barcelona,Manchester United,Win,RW,16,01:00:00,Left-footed shot,NA,596
18/19,UEFA Champions League,Quarter-Finals,4/16/19,H,FC Barcelona,Manchester United,Win,RW,20,02:00:00,Right-footed shot,NA,597
18/19,LaLiga,35,4/27/19,H,FC Barcelona,Levante UD,Win,RW,62,01:00:00,Left-footed shot,Arturo Vidal,598
18/19,UEFA Champions League,Semi-Finals,05-01-2019,H,FC Barcelona,Liverpool FC,Win,RW,75,02:00:00,Left-footed shot,Luis Suarez,599
18/19,UEFA Champions League,Semi-Finals,05-01-2019,H,FC Barcelona,Liverpool FC,Win,RW,82,03:00:00,Direct free kick,NA,600
18/19,LaLiga,38,5/19/19,A,FC Barcelona,SD Eibar,Loss,CF,31,01:01:00,Left-footed shot,Arturo Vidal,601
18/19,LaLiga,38,5/19/19,A,FC Barcelona,SD Eibar,Loss,CF,32,01:02:00,Left-footed shot,Ivan Rakitic,602
18/19,Copa del Rey,Final,5/25/19,H,FC Barcelona,Valencia CF,Win,CF,73,01:02:00,Left-footed shot,Clement Lenglet,603
19/20,LaLiga,8,10-06-2019,H,FC Barcelona,Sevilla FC,Win,RW,78,04:00:00,Direct free kick,NA,604
19/20,LaLiga,9,10/19/19,A,FC Barcelona,SD Eibar,Loss,RW,58,00:02:00,Left-footed shot,Antoine Griezmann,605
19/20,UEFA Champions League,Group Stage,10/23/19,A,FC Barcelona,SK Slavia Prague,Loss,RW,3,00:01:00,Left-footed shot,Arthur,606
19/20,LaLiga,11,10/29/19,H,FC Barcelona,Real Valladolid CF,Win,RW,34,03:01:00,Direct free kick,NA,607
19/20,LaLiga,11,10/29/19,H,FC Barcelona,Real Valladolid CF,Win,RW,75,04:01:00,Left-footed shot,Ivan Rakitic,608
19/20,LaLiga,12,11-02-2019,A,FC Barcelona,Levante UD,Loss,RW,38,00:01:00,Penalty,NA,609
19/20,LaLiga,13,11-09-2019,H,FC Barcelona,Celta de Vigo,Win,RW,23,01:00:00,Penalty,NA,610
19/20,LaLiga,13,11-09-2019,H,FC Barcelona,Celta de Vigo,Win,RW,45+1,02:01:00,Direct free kick,NA,611
19/20,LaLiga,13,11-09-2019,H,FC Barcelona,Celta de Vigo,Win,RW,48,03:01:00,Direct free kick,NA,612
19/20,UEFA Champions League,Group Stage,11/27/19,H,FC Barcelona,Borussia Dortmund,Win,RW,33,02:00:00,Left-footed shot,Luis Suarez,613
19/20,LaLiga,15,12-01-2019,A,FC Barcelona,Atletico de Madrid,Loss,RW,86,00:01:00,Left-footed shot,Luis Suarez,614
19/20,LaLiga,16,12-07-2019,H,FC Barcelona,RCD Mallorca,Win,RW,17,02:00:00,Left-footed shot,Antoine Griezmann,615
19/20,LaLiga,16,12-07-2019,H,FC Barcelona,RCD Mallorca,Win,RW,41,03:01:00,Left-footed shot,Ivan Rakitic,616
19/20,LaLiga,16,12-07-2019,H,FC Barcelona,RCD Mallorca,Win,RW,83,05:02:00,Left-footed shot,Luis Suarez,617
19/20,LaLiga,18,12/21/19,H,FC Barcelona,Deportivo Alaves,Win,RW,69,03:01:00,Left-footed shot,Luis Suarez,618
19/20,Supercopa,Semi-Finals,01-09-2020,H,FC Barcelona,Atletico de Madrid,Win,RW,51,01:01:00,Right-footed shot,Luis Suarez,619
19/20,LaLiga,20,1/19/20,H,FC Barcelona,Granada CF,Win,CF,76,01:00:00,Right-footed shot,Arturo Vidal,620
19/20,Copa del Rey,Round of 16,1/30/20,H,FC Barcelona,CD Leganes,Win,RW,59,03:00:00,Left-footed shot,Frenkie de Jong,621
19/20,Copa del Rey,Round of 16,1/30/20,H,FC Barcelona,CD Leganes,Win,RW,89,05:00:00,Left-footed shot,Ivan Rakitic,622
19/20,LaLiga,25,2/22/20,H,FC Barcelona,SD Eibar,Win,SS,14,01:00:00,Left-footed shot,Ivan Rakitic,623
19/20,LaLiga,25,2/22/20,H,FC Barcelona,SD Eibar,Win,SS,37,02:00:00,Left-footed shot,Arturo Vidal,624
19/20,LaLiga,25,2/22/20,H,FC Barcelona,SD Eibar,Win,SS,40,03:00:00,Left-footed shot,NA,625
19/20,LaLiga,25,2/22/20,H,FC Barcelona,SD Eibar,Win,SS,87,04:00:00,Left-footed shot,NA,626
19/20,LaLiga,27,03-07-2020,H,FC Barcelona,Real Sociedad,Win,CF,81,01:00:00,Penalty,NA,627
19/20,LaLiga,28,6/13/20,A,FC Barcelona,RCD Mallorca,Loss,RW,90+3,00:04:00,Right-footed shot,Luis Suarez,628
19/20,LaLiga,29,6/16/20,H,FC Barcelona,CD Leganes,Win,RW,69,02:00:00,Penalty,NA,629
19/20,LaLiga,33,6/30/20,H,FC Barcelona,Atletico de Madrid,Win,SS,50,02:01:00,Penalty,NA,630
19/20,LaLiga,37,7/16/20,H,FC Barcelona,CA Osasuna,Win,RW,62,01:01:00,Direct free kick,NA,631
19/20,LaLiga,38,7/19/20,A,FC Barcelona,Deportivo Alaves,Loss,RW,34,00:02:00,Left-footed shot,Riqui Puig,632
19/20,LaLiga,38,7/19/20,A,FC Barcelona,Deportivo Alaves,Loss,RW,75,00:05:00,Left-footed shot,Jordi Alba,633
19/20,UEFA Champions League,last 16,08-08-2020,H,FC Barcelona,SSC Napoli,Win,SS,23,02:00:00,Left-footed shot,NA,634
20/21,LaLiga,3,9/27/20,H,FC Barcelona,Villarreal CF,Win,CF,35,03:00:00,Penalty,NA,635
20/21,UEFA Champions League,Group Stage,10/20/20,H,FC Barcelona,Ferencvarosi TC,Win,CF,27,01:00:00,Penalty,NA,636
20/21,UEFA Champions League,Group Stage,10/28/20,A,FC Barcelona,Juventus FC,Loss,CF,90+1,00:02:00,Penalty,NA,637
20/21,UEFA Champions League,Group Stage,11-04-2020,H,FC Barcelona,Dynamo Kyiv,Win,RW,5,01:00:00,Penalty,NA,638
20/21,LaLiga,9,11-07-2020,H,FC Barcelona,Real Betis Balompie,Win,CF,61,03:01:00,Penalty,NA,639
20/21,LaLiga,9,11-07-2020,H,FC Barcelona,Real Betis Balompie,Win,CF,82,04:02:00,Left-footed shot,Sergi Roberto,640
20/21,LaLiga,11,11/29/20,H,FC Barcelona,CA Osasuna,Win,RW,73,04:00:00,Left-footed shot,Francisco TrincÃ£o,641
20/21,LaLiga,13,12/13/20,H,FC Barcelona,Levante UD,Win,CF,76,01:00:00,Left-footed shot,Frenkie de Jong,642
20/21,LaLiga,14,12/19/20,H,FC Barcelona,Valencia CF,Win,CF,45+4,01:01:00,Header,NA,643
20/21,LaLiga,15,12/22/20,A,FC Barcelona,Real Valladolid CF,Loss,AM,65,00:03:00,Left-footed shot,Pedri,644
20/21,LaLiga,2,01-06-2021,A,FC Barcelona,Athletic Bilbao,Loss,CF,38,01:02:00,Left-footed shot,Pedri,645
20/21,LaLiga,2,01-06-2021,A,FC Barcelona,Athletic Bilbao,Loss,CF,62,01:03:00,Left-footed shot,Antoine Griezmann,646
20/21,LaLiga,18,01-09-2021,A,FC Barcelona,Granada CF,Loss,CF,35,00:02:00,Left-footed shot,Antoine Griezmann,647
20/21,LaLiga,18,01-09-2021,A,FC Barcelona,Granada CF,Loss,CF,42,00:03:00,Direct free kick,NA,648
20/21,Copa del Rey,Round of 16,1/27/21,A,FC Barcelona,Rayo Vallecano,Loss,CF,69,01:01:00,Left-footed shot,Antoine Griezmann,649
20/21,LaLiga,21,1/31/21,H,FC Barcelona,Athletic Bilbao,Win,CF,20,01:00:00,Direct free kick,NA,650
20/21,LaLiga,22,02-07-2021,A,FC Barcelona,Real Betis Balompie,Loss,CF,59,01:01:00,Left-footed shot,Ousmane Dembele,651
20/21,LaLiga,23,2/13/21,H,FC Barcelona,Deportivo Alaves,Win,CF,45+1,02:00:00,Left-footed shot,Sergio Busquets,652
20/21,LaLiga,23,2/13/21,H,FC Barcelona,Deportivo Alaves,Win,CF,75,04:01:00,Left-footed shot,Antoine Griezmann,653
20/21,UEFA Champions League,last 16,2/16/21,H,FC Barcelona,Paris Saint-Germain,Win,CF,27,01:00:00,Penalty,NA,654
20/21,LaLiga,24,2/21/21,H,FC Barcelona,Cadiz CF,Win,CF,32,01:00:00,Penalty,NA,655
20/21,LaLiga,1,2/24/21,H,FC Barcelona,Elche CF,Win,CF,48,01:00:00,Left-footed shot,Martin Braithwaite,656
20/21,LaLiga,1,2/24/21,H,FC Barcelona,Elche CF,Win,CF,68,02:00:00,Left-footed shot,Frenkie de Jong,657
20/21,LaLiga,25,2/27/21,A,FC Barcelona,Sevilla FC,Loss,CF,85,00:02:00,Right-footed shot,Ilaix Moriba,658
20/21,UEFA Champions League,last 16,03-10-2021,A,FC Barcelona,Paris Saint-Germain,Loss,SS,37,01:01:00,Long distance kick,Pedri,659
20/21,LaLiga,27,3/15/21,H,FC Barcelona,SD Huesca,Win,SS,13,01:00:00,Left-footed shot,Sergio Busquets,660
20/21,LaLiga,27,3/15/21,H,FC Barcelona,SD Huesca,Win,SS,90,04:01:00,Left-footed shot,Francisco TrincÃ£o,661
20/21,LaLiga,28,3/21/21,A,FC Barcelona,Real Sociedad,Loss,SS,56,00:04:00,Left-footed shot,Sergio Busquets,662
20/21,LaLiga,28,3/21/21,A,FC Barcelona,Real Sociedad,Loss,SS,89,01:06:00,Left-footed shot,Jordi Alba,663
20/21,Copa del Rey,Final,4/17/21,A,FC Barcelona,Athletic Bilbao,Loss,CF,68,00:03:00,Left-footed shot,Frenkie de Jong,664
20/21,Copa del Rey,Final,4/17/21,A,FC Barcelona,Athletic Bilbao,Loss,CF,72,00:04:00,Left-footed shot,Jordi Alba,665
20/21,LaLiga,31,4/22/21,H,FC Barcelona,Getafe CF,Win,CF,8,01:00:00,Left-footed shot,Sergio Busquets,666
20/21,LaLiga,31,4/22/21,H,FC Barcelona,Getafe CF,Win,CF,33,03:01:00,Left-footed shot,NA,667
20/21,LaLiga,33,4/29/21,H,FC Barcelona,Granada CF,Win,CF,23,01:00:00,Left-footed shot,Antoine Griezmann,668
20/21,LaLiga,34,05-02-2021,A,FC Barcelona,Valencia CF,Loss,CF,57,01:01:00,Left-footed shot,NA,669
20/21,LaLiga,34,05-02-2021,A,FC Barcelona,Valencia CF,Loss,CF,69,01:03:00,Direct free kick,NA,670
20/21,LaLiga,36,05-11-2021,A,FC Barcelona,Levante UD,Loss,SS,25,00:01:00,Left-footed shot,NA,671
20/21,LaLiga,37,5/16/21,H,FC Barcelona,Celta de Vigo,Win,SS,28,01:00:00,Header,Sergio Busquets,672
21/22,UEFA Champions League,Group Stage,9/28/21,H,Paris Saint-Germain,Manchester City,Win,RW,74,02:00:00,Left-footed shot,Kylian Mbappe,673
21/22,UEFA Champions League,Group Stage,10/19/21,H,Paris Saint-Germain,RB Leipzig,Win,RW,67,02:02:00,Left-footed shot,Kylian Mbappe,674
21/22,UEFA Champions League,Group Stage,10/19/21,H,Paris Saint-Germain,RB Leipzig,Win,RW,74,03:02:00,Penalty,NA,675
21/22,Ligue 1,14,11/20/21,H,Paris Saint-Germain,FC Nantes,Win,RW,87,03:01:00,Left-footed shot,Kylian Mbappe,676
21/22,UEFA Champions League,Group Stage,12-07-2021,H,Paris Saint-Germain,Club Brugge KV,Win,CF,38,03:00:00,Left-footed shot,Kylian Mbappe,677
21/22,UEFA Champions League,Group Stage,12-07-2021,H,Paris Saint-Germain,Club Brugge KV,Win,CF,76,04:01:00,Penalty,NA,678
21/22,Ligue 1,23,02-06-2022,A,Paris Saint-Germain,LOSC Lille,Loss,CF,38,01:03:00,Left-footed shot,NA,679
21/22,Ligue 1,30,04-03-2022,H,Paris Saint-Germain,FC Lorient,Win,RW,73,04:01:00,Left-footed shot,Kylian Mbappe,680
21/22,Ligue 1,34,4/23/22,H,Paris Saint-Germain,RC Lens,Win,RW,68,01:00:00,Left-footed shot,Neymar,681
21/22,Ligue 1,37,5/14/22,A,Paris Saint-Germain,Montpellier,Loss,CF,6,00:01:00,Left-footed shot,Kylian Mbappé,682
21/22,Ligue 1,37,5/14/22,A,Paris Saint-Germain,Montpellier,Loss,CF,20,00:02:00,Left-footed shot,Kylian Mbappé,683
21/22,Trophée des Champions,Final,7/31/22,H,Paris Saint-Germain,FC Nantes,Win,CF,22,01:00:00,Right-footed shot,NA,684
21/22,Ligue 1,1,08-06-2022,A,Paris Saint-Germain,Clermont Foot,Loss,CF,80,00:04:00,Left-footed shot,Neymar,685
21/22,Ligue 1,1,08-06-2022,A,Paris Saint-Germain,Clermont Foot,Loss,CF,86,00:05:00,Left-footed shot,Leandro Paredes,686
22/23,Troph�e des Champions,Final,7/31/22,H,Paris Saint-Germain,FC Nantes,Win,CF,22,01:00:00,Right-footed shot,NA,687
22/23,Ligue 1,1,08-06-2022,A,Paris Saint-Germain,Clermont Foot,Loss,CF,80,00:04:00,Left-footed shot,Neymar,688
22/23,Ligue 1,1,08-06-2022,A,Paris Saint-Germain,Clermont Foot,Loss,CF,86,00:05:00,Left-footed shot,Leandro Paredes,689
22/23,Ligue 1,3,8/21/22,A,Paris Saint-Germain,LOSC Lille,Loss,AM,27,00:02:00,Right-footed shot,Nuno Mendes,690
22/23,Champions League,Group Stage,9/14/22,A,Paris Saint-Germain,Maccabi Haifa,Loss,SS,37,01:01:00,Left-footed shot,NA,691
22/23,Ligue 1,8,9/18/22,A,Paris Saint-Germain,Olympique Lyon,Loss,AM,5,00:01:00,Left-footed shot,Neymar,692
22/23,Ligue 1,9,10-01-2022,H,Paris Saint-Germain,OGC Nice,Win,AM,28,01:00:00,Direct free kick,NA,693
22/23,UEFA Champions League,Group Stage,10-05-2022,A,Paris Saint-Germain,SL Benfica,Loss,AM,22,00:01:00,Left-footed shot,Neymar,694
22/23,Ligue 1,12,10/21/22,A,Paris Saint-Germain,AC Ajaccio,Loss,CF,78,00:02:00,Left-footed shot,Kylian Mbappe,695
22/23,UEFA Champions League,Group Stage,10/25/22,H,Paris Saint-Germain,Maccabi Haifa,Win,SS,19,01:00:00,Left-footed shot,Kylian Mbappe,696
22/23,UEFA Champions League,Group Stage,10/25/22,H,Paris Saint-Germain,Maccabi Haifa,Win,SS,44,04:01:00,Left-footed shot,Kylian Mbappe,697
22/23,Ligue 1,13,10/29/22,H,Paris Saint-Germain,ESTAC Troyes,Win,RW,55,02:02:00,Left-footed shot,Sergio Ramos,698
22/23,Ligue 1,18,01-11-2023,H,Paris Saint-Germain,Angers SCO,Win,AM,72,02:00:00,Right-footed shot,Nordi Mukiele,699
22/23,Ligue 1,21,02-01-2023,A,Paris Saint-Germain,Montpellier HSC,Loss,SS,72,00:02:00,Left-footed shot,Fabián Ruiz,700
22/23,Ligue 1,22,02-04-2023,H,Paris Saint-Germain,FC Toulouse,Win,SS,58,02:01:00,Left-footed shot,Achraf Hakimi,701
22/23,Ligue 1,24,2/19/23,H,Paris Saint-Germain,LOSC Lille,Win,CF,90+5,04:03:00,Direct free kick,NA,702
22/23,Ligue 1,25,2/26/23,A,Paris Saint-Germain,Olympique Marseille,Loss,CF,29,00:02:00,Right-footed shot,Kylian Mbappé,703
22/23,Ligue 1,26,03-04-2023,H,Paris Saint-Germain,FC Nantes,Win,CF,12,01:00:00,Left-footed shot,NA,704
